review_id,product_name,rating,review
AMZ0001,Laptop Stand,5,Really good value for money. The laptop stand looks sturdy and the stability is surprisingly good.
AMZ0002,Power Bank,4,Very happy with this power bank. It arrived on time and the battery backup works perfectly.
AMZ0003,Vacuum Cleaner,5,Very happy with this vacuum cleaner. It arrived on time and the suction works perfectly.
AMZ0004,Power Bank,5,Absolutely loved this power bank. The battery backup is excellent and it feels premium for the price.
AMZ0005,Usb Hub,5,"I was skeptical at first, but this USB hub turned out to be fantastic. Great port connectivity."
AMZ0006,Wireless Earbuds,3,"I had high hopes, but this wireless earbuds was a letdown. The sound quality is below average."
AMZ0007,Gaming Mouse,5,I bought this gaming mouse for daily use and I'm impressed with the tracking. Highly recommend.
AMZ0008,Laptop Stand,5,Very happy with this laptop stand. It arrived on time and the stability works perfectly.
AMZ0009,Coffee Mug,3,Very disappointed with this coffee mug. The finish stopped working after a few days.
AMZ0010,Usb Hub,4,The packaging was neat and the USB hub feels well-built. No complaints so far.
AMZ0011,Usb Hub,5,Excellent product. I've been using this USB hub for a week and the performance is smooth.
AMZ0012,Backpack,2,Very disappointed with this backpack. The storage space stopped working after a few days.
AMZ0013,Keyboard,3,Decent keyboard overall. Delivery was fine and setup took only a few minutes.
AMZ0014,Air Fryer,5,One of the best purchases I've made recently. The air fryer performs exactly as described.
AMZ0015,Coffee Mug,4,Really good value for money. The coffee mug looks sturdy and the finish is surprisingly good.
AMZ0016,Bluetooth Speaker,5,I bought this Bluetooth speaker for daily use and I'm impressed with the bass. Highly recommend.
AMZ0017,Tripod,5,Works like a charm. The tripod is reliable and the setup was super easy.
AMZ0018,Gaming Mouse,2,Very disappointed with this gaming mouse. The tracking stopped working after a few days.
AMZ0019,Phone Charger,2,I returned this phone charger because it did not match the description at all.
AMZ0020,Water Bottle,5,Excellent product. I've been using this water bottle for a week and the performance is smooth.
AMZ0021,Backpack,3,I returned this backpack because it did not match the description at all.
AMZ0022,Desk Lamp,5,I bought this desk lamp for daily use and I'm impressed with the brightness. Highly recommend.
AMZ0023,Vacuum Cleaner,3,The vacuum cleaner is fine for the price. Build quality is acceptable and performance is average.
AMZ0024,Power Bank,4,Decent power bank overall. Delivery was fine and setup took only a few minutes.
AMZ0025,Fitness Band,4,Absolutely loved this fitness band. The step tracking is excellent and it feels premium for the price.
AMZ0026,Desk Lamp,1,I returned this desk lamp because it did not match the description at all.
AMZ0027,Air Fryer,5,"I was skeptical at first, but this air fryer turned out to be fantastic. Great cooking performance."
AMZ0028,Usb Hub,4,"The USB hub is okay for basic use. The port connectivity works, but nothing exceptional."
AMZ0029,Laptop Stand,2,The item stopped working within a week. Customer support was also not helpful.
AMZ0030,Gaming Mouse,5,The packaging was neat and the gaming mouse feels well-built. No complaints so far.
AMZ0031,Tripod,5,Really good value for money. The tripod looks sturdy and the stability is surprisingly good.
AMZ0032,Monitor Stand,4,"Average experience with this monitor stand. It does the job, but there is room for improvement."
AMZ0033,Monitor Stand,2,"I had high hopes, but this monitor stand was a letdown. The adjustability is below average."
AMZ0034,Bluetooth Speaker,4,Works like a charm. The Bluetooth speaker is reliable and the setup was super easy.
AMZ0035,Gaming Mouse,5,Very happy with this gaming mouse. It arrived on time and the tracking works perfectly.
AMZ0036,Keyboard,4,I bought this keyboard for daily use and I'm impressed with the key response. Highly recommend.
AMZ0037,Water Bottle,2,The quality of this water bottle is not as expected. It feels cheap and poorly made.
AMZ0038,Desk Lamp,2,The item stopped working within a week. Customer support was also not helpful.
AMZ0039,Phone Case,5,Excellent product. I've been using this phone case for a week and the performance is smooth.
AMZ0040,Backpack,4,Decent backpack overall. Delivery was fine and setup took only a few minutes.
AMZ0041,Keyboard,5,One of the best purchases I've made recently. The keyboard performs exactly as described.
AMZ0042,Monitor Stand,5,I bought this monitor stand for daily use and I'm impressed with the adjustability. Highly recommend.
AMZ0043,Water Bottle,5,Excellent product. I've been using this water bottle for a week and the performance is smooth.
AMZ0044,Power Bank,5,Absolutely loved this power bank. The battery backup is excellent and it feels premium for the price.
AMZ0045,Water Bottle,3,"Average experience with this water bottle. It does the job, but there is room for improvement."
AMZ0046,Monitor Stand,5,"I was skeptical at first, but this monitor stand turned out to be fantastic. Great adjustability."
AMZ0047,Usb Hub,5,Excellent product. I've been using this USB hub for a week and the performance is smooth.
AMZ0048,Power Bank,2,I returned this power bank because it did not match the description at all.
AMZ0049,Laptop Stand,5,The packaging was neat and the laptop stand feels well-built. No complaints so far.
AMZ0050,Vacuum Cleaner,4,Absolutely loved this vacuum cleaner. The suction is excellent and it feels premium for the price.
AMZ0051,Phone Charger,4,One of the best purchases I've made recently. The phone charger performs exactly as described.
AMZ0052,Power Bank,5,Works like a charm. The power bank is reliable and the setup was super easy.
AMZ0053,Desk Lamp,5,Really good value for money. The desk lamp looks sturdy and the brightness is surprisingly good.
AMZ0054,Power Bank,3,"The power bank is okay for basic use. The battery backup works, but nothing exceptional."
AMZ0055,Usb Hub,4,Works like a charm. The USB hub is reliable and the setup was super easy.
AMZ0056,Water Bottle,3,Decent water bottle overall. Delivery was fine and setup took only a few minutes.
AMZ0057,Vacuum Cleaner,5,I bought this vacuum cleaner for daily use and I'm impressed with the suction. Highly recommend.
AMZ0058,Phone Charger,5,Absolutely loved this phone charger. The charging speed is excellent and it feels premium for the price.
AMZ0059,Phone Case,3,The phone case is fine for the price. Build quality is acceptable and performance is average.
AMZ0060,Vacuum Cleaner,3,The item stopped working within a week. Customer support was also not helpful.
AMZ0061,Desk Lamp,4,I bought this desk lamp for daily use and I'm impressed with the brightness. Highly recommend.
AMZ0062,Usb Hub,4,One of the best purchases I've made recently. The USB hub performs exactly as described.
AMZ0063,Phone Charger,2,The item stopped working within a week. Customer support was also not helpful.
AMZ0064,Phone Charger,3,"The phone charger is okay for basic use. The charging speed works, but nothing exceptional."
AMZ0065,Water Bottle,3,Not worth the price. The water bottle arrived late and the packaging was damaged.
AMZ0066,Laptop Stand,3,"Not bad, not amazing. The stability is usable, but I expected a bit more."
AMZ0067,Phone Charger,2,I returned this phone charger because it did not match the description at all.
AMZ0068,Phone Case,5,One of the best purchases I've made recently. The phone case performs exactly as described.
AMZ0069,Phone Case,5,Really good value for money. The phone case looks sturdy and the fit is surprisingly good.
AMZ0070,Gaming Mouse,3,"The gaming mouse is okay for basic use. The tracking works, but nothing exceptional."
AMZ0071,Tripod,1,Honestly expected better. The tripod is average at best and overpriced.
AMZ0072,Water Bottle,5,Works like a charm. The water bottle is reliable and the setup was super easy.
AMZ0073,Desk Lamp,3,"The desk lamp is okay for basic use. The brightness works, but nothing exceptional."
AMZ0074,Coffee Mug,5,"I was skeptical at first, but this coffee mug turned out to be fantastic. Great finish."
AMZ0075,Monitor Stand,5,Works like a charm. The monitor stand is reliable and the setup was super easy.
AMZ0076,Laptop Stand,3,Decent laptop stand overall. Delivery was fine and setup took only a few minutes.
AMZ0077,Laptop Stand,3,"Not bad, not amazing. The stability is usable, but I expected a bit more."
AMZ0078,Phone Case,5,I bought this phone case for daily use and I'm impressed with the fit. Highly recommend.
AMZ0079,Backpack,3,This backpack looks nice in pictures but performs badly in real life.
AMZ0080,Phone Case,3,"The phone case is okay for basic use. The fit works, but nothing exceptional."
AMZ0081,Vacuum Cleaner,1,Very disappointed with this vacuum cleaner. The suction stopped working after a few days.
AMZ0082,Gaming Mouse,2,This gaming mouse looks nice in pictures but performs badly in real life.
AMZ0083,Tripod,4,The packaging was neat and the tripod feels well-built. No complaints so far.
AMZ0084,Laptop Stand,4,"This laptop stand exceeded my expectations. Great quality, easy to use, and worth every rupee."
AMZ0085,Coffee Mug,3,"I had high hopes, but this coffee mug was a letdown. The finish is below average."
AMZ0086,Desk Lamp,4,One of the best purchases I've made recently. The desk lamp performs exactly as described.
AMZ0087,Coffee Mug,4,I bought this coffee mug for daily use and I'm impressed with the finish. Highly recommend.
AMZ0088,Coffee Mug,2,I returned this coffee mug because it did not match the description at all.
AMZ0089,Power Bank,3,Decent power bank overall. Delivery was fine and setup took only a few minutes.
AMZ0090,Wireless Earbuds,5,One of the best purchases I've made recently. The wireless earbuds performs exactly as described.
AMZ0091,Power Bank,5,Very happy with this power bank. It arrived on time and the battery backup works perfectly.
AMZ0092,Phone Charger,3,Decent phone charger overall. Delivery was fine and setup took only a few minutes.
AMZ0093,Tripod,5,I bought this tripod for daily use and I'm impressed with the stability. Highly recommend.
AMZ0094,Wireless Earbuds,2,I returned this wireless earbuds because it did not match the description at all.
AMZ0095,Phone Case,3,"Average experience with this phone case. It does the job, but there is room for improvement."
AMZ0096,Monitor Stand,5,Works like a charm. The monitor stand is reliable and the setup was super easy.
AMZ0097,Wireless Earbuds,5,Really good value for money. The wireless earbuds looks sturdy and the sound quality is surprisingly good.
AMZ0098,Phone Case,5,Excellent product. I've been using this phone case for a week and the performance is smooth.
AMZ0099,Coffee Mug,3,The finish is inconsistent and the coffee mug does not feel durable.
AMZ0100,Monitor Stand,5,Excellent product. I've been using this monitor stand for a week and the performance is smooth.
AMZ0101,Phone Case,4,The packaging was neat and the phone case feels well-built. No complaints so far.
AMZ0102,Monitor Stand,4,"Not bad, not amazing. The adjustability is usable, but I expected a bit more."
AMZ0103,Backpack,5,Very happy with this backpack. It arrived on time and the storage space works perfectly.
AMZ0104,Gaming Mouse,2,The quality of this gaming mouse is not as expected. It feels cheap and poorly made.
AMZ0105,Monitor Stand,5,The packaging was neat and the monitor stand feels well-built. No complaints so far.
AMZ0106,Air Fryer,2,The item stopped working within a week. Customer support was also not helpful.
AMZ0107,Backpack,5,The packaging was neat and the backpack feels well-built. No complaints so far.
AMZ0108,Keyboard,5,Absolutely loved this keyboard. The key response is excellent and it feels premium for the price.
AMZ0109,Keyboard,5,Excellent product. I've been using this keyboard for a week and the performance is smooth.
AMZ0110,Tripod,5,I bought this tripod for daily use and I'm impressed with the stability. Highly recommend.
AMZ0111,Bluetooth Speaker,2,This Bluetooth speaker looks nice in pictures but performs badly in real life.
AMZ0112,Water Bottle,2,Not worth the price. The water bottle arrived late and the packaging was damaged.
AMZ0113,Power Bank,1,"I had high hopes, but this power bank was a letdown. The battery backup is below average."
AMZ0114,Phone Charger,4,"I was skeptical at first, but this phone charger turned out to be fantastic. Great charging speed."
AMZ0115,Tripod,5,Excellent product. I've been using this tripod for a week and the performance is smooth.
AMZ0116,Air Fryer,5,I bought this air fryer for daily use and I'm impressed with the cooking performance. Highly recommend.
AMZ0117,Wireless Earbuds,3,"The wireless earbuds is okay for basic use. The sound quality works, but nothing exceptional."
AMZ0118,Power Bank,5,Works like a charm. The power bank is reliable and the setup was super easy.
AMZ0119,Phone Charger,5,Very happy with this phone charger. It arrived on time and the charging speed works perfectly.
AMZ0120,Desk Lamp,2,The item stopped working within a week. Customer support was also not helpful.
AMZ0121,Tripod,3,The item stopped working within a week. Customer support was also not helpful.
AMZ0122,Usb Hub,5,"This USB hub exceeded my expectations. Great quality, easy to use, and worth every rupee."
AMZ0123,Tripod,5,I bought this tripod for daily use and I'm impressed with the stability. Highly recommend.
AMZ0124,Monitor Stand,5,I bought this monitor stand for daily use and I'm impressed with the adjustability. Highly recommend.
AMZ0125,Tripod,5,Really good value for money. The tripod looks sturdy and the stability is surprisingly good.
AMZ0126,Phone Case,4,Works like a charm. The phone case is reliable and the setup was super easy.
AMZ0127,Desk Lamp,5,The packaging was neat and the desk lamp feels well-built. No complaints so far.
AMZ0128,Backpack,5,The packaging was neat and the backpack feels well-built. No complaints so far.
AMZ0129,Usb Hub,5,Absolutely loved this USB hub. The port connectivity is excellent and it feels premium for the price.
AMZ0130,Vacuum Cleaner,4,Excellent product. I've been using this vacuum cleaner for a week and the performance is smooth.
AMZ0131,Air Fryer,5,One of the best purchases I've made recently. The air fryer performs exactly as described.
AMZ0132,Air Fryer,4,The air fryer is fine for the price. Build quality is acceptable and performance is average.
AMZ0133,Usb Hub,3,Not worth the price. The USB hub arrived late and the packaging was damaged.
AMZ0134,Power Bank,4,"I was skeptical at first, but this power bank turned out to be fantastic. Great battery backup."
AMZ0135,Air Fryer,5,The packaging was neat and the air fryer feels well-built. No complaints so far.
AMZ0136,Tripod,4,"Not bad, not amazing. The stability is usable, but I expected a bit more."
AMZ0137,Wireless Earbuds,4,"Not bad, not amazing. The sound quality is usable, but I expected a bit more."
AMZ0138,Wireless Earbuds,5,The packaging was neat and the wireless earbuds feels well-built. No complaints so far.
AMZ0139,Tripod,5,Really good value for money. The tripod looks sturdy and the stability is surprisingly good.
AMZ0140,Gaming Mouse,5,One of the best purchases I've made recently. The gaming mouse performs exactly as described.
AMZ0141,Air Fryer,5,The packaging was neat and the air fryer feels well-built. No complaints so far.
AMZ0142,Water Bottle,4,Works like a charm. The water bottle is reliable and the setup was super easy.
AMZ0143,Coffee Mug,4,Very happy with this coffee mug. It arrived on time and the finish works perfectly.
AMZ0144,Wireless Earbuds,3,Decent wireless earbuds overall. Delivery was fine and setup took only a few minutes.
AMZ0145,Desk Lamp,4,"I was skeptical at first, but this desk lamp turned out to be fantastic. Great brightness."
AMZ0146,Backpack,5,Really good value for money. The backpack looks sturdy and the storage space is surprisingly good.
AMZ0147,Bluetooth Speaker,2,The quality of this Bluetooth speaker is not as expected. It feels cheap and poorly made.
AMZ0148,Keyboard,5,Absolutely loved this keyboard. The key response is excellent and it feels premium for the price.
AMZ0149,Air Fryer,4,I bought this air fryer for daily use and I'm impressed with the cooking performance. Highly recommend.
AMZ0150,Power Bank,4,Really good value for money. The power bank looks sturdy and the battery backup is surprisingly good.
AMZ0151,Phone Charger,5,The packaging was neat and the phone charger feels well-built. No complaints so far.
AMZ0152,Water Bottle,4,One of the best purchases I've made recently. The water bottle performs exactly as described.
AMZ0153,Vacuum Cleaner,3,The quality of this vacuum cleaner is not as expected. It feels cheap and poorly made.
AMZ0154,Coffee Mug,2,Battery life / performance is poor on this coffee mug. I would not recommend it.
AMZ0155,Vacuum Cleaner,5,Works like a charm. The vacuum cleaner is reliable and the setup was super easy.
AMZ0156,Usb Hub,3,Battery life / performance is poor on this USB hub. I would not recommend it.
AMZ0157,Phone Case,4,I bought this phone case for daily use and I'm impressed with the fit. Highly recommend.
AMZ0158,Phone Case,3,Decent phone case overall. Delivery was fine and setup took only a few minutes.
AMZ0159,Air Fryer,5,"I was skeptical at first, but this air fryer turned out to be fantastic. Great cooking performance."
AMZ0160,Bluetooth Speaker,5,One of the best purchases I've made recently. The Bluetooth speaker performs exactly as described.
AMZ0161,Gaming Mouse,5,Excellent product. I've been using this gaming mouse for a week and the performance is smooth.
AMZ0162,Usb Hub,4,I bought this USB hub for daily use and I'm impressed with the port connectivity. Highly recommend.
AMZ0163,Power Bank,2,Battery life / performance is poor on this power bank. I would not recommend it.
AMZ0164,Fitness Band,3,Battery life / performance is poor on this fitness band. I would not recommend it.
AMZ0165,Wireless Earbuds,5,I bought this wireless earbuds for daily use and I'm impressed with the sound quality. Highly recommend.
AMZ0166,Power Bank,5,Excellent product. I've been using this power bank for a week and the performance is smooth.
AMZ0167,Fitness Band,5,One of the best purchases I've made recently. The fitness band performs exactly as described.
AMZ0168,Usb Hub,5,"I was skeptical at first, but this USB hub turned out to be fantastic. Great port connectivity."
AMZ0169,Keyboard,5,Very happy with this keyboard. It arrived on time and the key response works perfectly.
AMZ0170,Gaming Mouse,5,Works like a charm. The gaming mouse is reliable and the setup was super easy.
AMZ0171,Backpack,5,"I was skeptical at first, but this backpack turned out to be fantastic. Great storage space."
AMZ0172,Monitor Stand,2,The quality of this monitor stand is not as expected. It feels cheap and poorly made.
AMZ0173,Keyboard,5,"This keyboard exceeded my expectations. Great quality, easy to use, and worth every rupee."
AMZ0174,Wireless Earbuds,2,"I had high hopes, but this wireless earbuds was a letdown. The sound quality is below average."
AMZ0175,Phone Charger,3,"Not bad, not amazing. The charging speed is usable, but I expected a bit more."
AMZ0176,Desk Lamp,1,Battery life / performance is poor on this desk lamp. I would not recommend it.
AMZ0177,Wireless Earbuds,5,"I was skeptical at first, but this wireless earbuds turned out to be fantastic. Great sound quality."
AMZ0178,Tripod,5,Absolutely loved this tripod. The stability is excellent and it feels premium for the price.
AMZ0179,Fitness Band,5,Very happy with this fitness band. It arrived on time and the step tracking works perfectly.
AMZ0180,Fitness Band,5,Absolutely loved this fitness band. The step tracking is excellent and it feels premium for the price.
AMZ0181,Desk Lamp,1,This desk lamp looks nice in pictures but performs badly in real life.
AMZ0182,Power Bank,5,The packaging was neat and the power bank feels well-built. No complaints so far.
AMZ0183,Monitor Stand,5,"I was skeptical at first, but this monitor stand turned out to be fantastic. Great adjustability."
AMZ0184,Vacuum Cleaner,4,Excellent product. I've been using this vacuum cleaner for a week and the performance is smooth.
AMZ0185,Laptop Stand,4,Decent laptop stand overall. Delivery was fine and setup took only a few minutes.
AMZ0186,Backpack,5,Very happy with this backpack. It arrived on time and the storage space works perfectly.
AMZ0187,Power Bank,5,Very happy with this power bank. It arrived on time and the battery backup works perfectly.
AMZ0188,Wireless Earbuds,5,Excellent product. I've been using this wireless earbuds for a week and the performance is smooth.
AMZ0189,Keyboard,5,Really good value for money. The keyboard looks sturdy and the key response is surprisingly good.
AMZ0190,Tripod,5,I bought this tripod for daily use and I'm impressed with the stability. Highly recommend.
AMZ0191,Backpack,5,Works like a charm. The backpack is reliable and the setup was super easy.
AMZ0192,Desk Lamp,3,Decent desk lamp overall. Delivery was fine and setup took only a few minutes.
AMZ0193,Phone Charger,5,Really good value for money. The phone charger looks sturdy and the charging speed is surprisingly good.
AMZ0194,Tripod,5,Really good value for money. The tripod looks sturdy and the stability is surprisingly good.
AMZ0195,Phone Case,5,"I was skeptical at first, but this phone case turned out to be fantastic. Great fit."
AMZ0196,Water Bottle,2,I returned this water bottle because it did not match the description at all.
AMZ0197,Phone Case,4,I bought this phone case for daily use and I'm impressed with the fit. Highly recommend.
AMZ0198,Phone Case,5,"This phone case exceeded my expectations. Great quality, easy to use, and worth every rupee."
AMZ0199,Monitor Stand,2,This monitor stand looks nice in pictures but performs badly in real life.
AMZ0200,Vacuum Cleaner,1,Battery life / performance is poor on this vacuum cleaner. I would not recommend it.
AMZ0201,Fitness Band,5,One of the best purchases I've made recently. The fitness band performs exactly as described.
AMZ0202,Laptop Stand,3,"Average experience with this laptop stand. It does the job, but there is room for improvement."
AMZ0203,Fitness Band,4,The packaging was neat and the fitness band feels well-built. No complaints so far.
AMZ0204,Tripod,5,Really good value for money. The tripod looks sturdy and the stability is surprisingly good.
AMZ0205,Laptop Stand,4,The laptop stand is fine for the price. Build quality is acceptable and performance is average.
AMZ0206,Wireless Earbuds,3,The item stopped working within a week. Customer support was also not helpful.
AMZ0207,Vacuum Cleaner,5,Works like a charm. The vacuum cleaner is reliable and the setup was super easy.
AMZ0208,Fitness Band,2,Very disappointed with this fitness band. The step tracking stopped working after a few days.
AMZ0209,Phone Case,5,Really good value for money. The phone case looks sturdy and the fit is surprisingly good.
AMZ0210,Fitness Band,5,Excellent product. I've been using this fitness band for a week and the performance is smooth.
AMZ0211,Bluetooth Speaker,5,Absolutely loved this Bluetooth speaker. The bass is excellent and it feels premium for the price.
AMZ0212,Water Bottle,5,Very happy with this water bottle. It arrived on time and the build quality works perfectly.
AMZ0213,Laptop Stand,3,"I had high hopes, but this laptop stand was a letdown. The stability is below average."
AMZ0214,Keyboard,5,Really good value for money. The keyboard looks sturdy and the key response is surprisingly good.
AMZ0215,Fitness Band,3,Decent fitness band overall. Delivery was fine and setup took only a few minutes.
AMZ0216,Usb Hub,5,I bought this USB hub for daily use and I'm impressed with the port connectivity. Highly recommend.
AMZ0217,Water Bottle,5,The packaging was neat and the water bottle feels well-built. No complaints so far.
AMZ0218,Monitor Stand,5,Absolutely loved this monitor stand. The adjustability is excellent and it feels premium for the price.
AMZ0219,Keyboard,3,Honestly expected better. The keyboard is average at best and overpriced.
AMZ0220,Desk Lamp,5,"I was skeptical at first, but this desk lamp turned out to be fantastic. Great brightness."
AMZ0221,Gaming Mouse,5,Works like a charm. The gaming mouse is reliable and the setup was super easy.
AMZ0222,Tripod,4,Decent tripod overall. Delivery was fine and setup took only a few minutes.
AMZ0223,Power Bank,5,I bought this power bank for daily use and I'm impressed with the battery backup. Highly recommend.
AMZ0224,Phone Charger,5,"I was skeptical at first, but this phone charger turned out to be fantastic. Great charging speed."
AMZ0225,Air Fryer,3,Decent air fryer overall. Delivery was fine and setup took only a few minutes.
AMZ0226,Phone Charger,5,Excellent product. I've been using this phone charger for a week and the performance is smooth.
AMZ0227,Laptop Stand,3,The laptop stand is fine for the price. Build quality is acceptable and performance is average.
AMZ0228,Monitor Stand,4,"The monitor stand is okay for basic use. The adjustability works, but nothing exceptional."
AMZ0229,Desk Lamp,4,"This desk lamp exceeded my expectations. Great quality, easy to use, and worth every rupee."
AMZ0230,Fitness Band,2,This fitness band looks nice in pictures but performs badly in real life.
AMZ0231,Air Fryer,3,The cooking performance is inconsistent and the air fryer does not feel durable.
AMZ0232,Gaming Mouse,1,Battery life / performance is poor on this gaming mouse. I would not recommend it.
AMZ0233,Water Bottle,5,Really good value for money. The water bottle looks sturdy and the build quality is surprisingly good.
AMZ0234,Water Bottle,4,Very happy with this water bottle. It arrived on time and the build quality works perfectly.
AMZ0235,Tripod,4,Really good value for money. The tripod looks sturdy and the stability is surprisingly good.
AMZ0236,Phone Charger,5,Absolutely loved this phone charger. The charging speed is excellent and it feels premium for the price.
AMZ0237,Coffee Mug,5,"This coffee mug exceeded my expectations. Great quality, easy to use, and worth every rupee."
AMZ0238,Monitor Stand,5,"This monitor stand exceeded my expectations. Great quality, easy to use, and worth every rupee."
AMZ0239,Bluetooth Speaker,5,The packaging was neat and the Bluetooth speaker feels well-built. No complaints so far.
AMZ0240,Fitness Band,3,Decent fitness band overall. Delivery was fine and setup took only a few minutes.
AMZ0241,Tripod,2,Battery life / performance is poor on this tripod. I would not recommend it.
AMZ0242,Wireless Earbuds,3,The wireless earbuds is fine for the price. Build quality is acceptable and performance is average.
AMZ0243,Usb Hub,5,"I was skeptical at first, but this USB hub turned out to be fantastic. Great port connectivity."
AMZ0244,Keyboard,2,I returned this keyboard because it did not match the description at all.
AMZ0245,Tripod,3,Not worth the price. The tripod arrived late and the packaging was damaged.
AMZ0246,Fitness Band,5,The packaging was neat and the fitness band feels well-built. No complaints so far.
AMZ0247,Keyboard,3,"Average experience with this keyboard. It does the job, but there is room for improvement."
AMZ0248,Air Fryer,4,Excellent product. I've been using this air fryer for a week and the performance is smooth.
AMZ0249,Fitness Band,2,This fitness band looks nice in pictures but performs badly in real life.
AMZ0250,Coffee Mug,5,I bought this coffee mug for daily use and I'm impressed with the finish. Highly recommend.
AMZ0251,Desk Lamp,2,Very disappointed with this desk lamp. The brightness stopped working after a few days.
AMZ0252,Tripod,5,One of the best purchases I've made recently. The tripod performs exactly as described.
AMZ0253,Water Bottle,4,"Average experience with this water bottle. It does the job, but there is room for improvement."
AMZ0254,Vacuum Cleaner,5,"This vacuum cleaner exceeded my expectations. Great quality, easy to use, and worth every rupee."
AMZ0255,Monitor Stand,5,Really good value for money. The monitor stand looks sturdy and the adjustability is surprisingly good.
AMZ0256,Phone Case,3,The phone case is fine for the price. Build quality is acceptable and performance is average.
AMZ0257,Gaming Mouse,1,Battery life / performance is poor on this gaming mouse. I would not recommend it.
AMZ0258,Desk Lamp,3,Not worth the price. The desk lamp arrived late and the packaging was damaged.
AMZ0259,Usb Hub,4,The packaging was neat and the USB hub feels well-built. No complaints so far.
AMZ0260,Phone Case,5,"I was skeptical at first, but this phone case turned out to be fantastic. Great fit."
AMZ0261,Phone Case,1,The fit is inconsistent and the phone case does not feel durable.
AMZ0262,Power Bank,5,Excellent product. I've been using this power bank for a week and the performance is smooth.
AMZ0263,Power Bank,2,Battery life / performance is poor on this power bank. I would not recommend it.
AMZ0264,Vacuum Cleaner,4,Absolutely loved this vacuum cleaner. The suction is excellent and it feels premium for the price.
AMZ0265,Keyboard,3,"The keyboard is okay for basic use. The key response works, but nothing exceptional."
AMZ0266,Power Bank,3,Decent power bank overall. Delivery was fine and setup took only a few minutes.
AMZ0267,Tripod,5,Works like a charm. The tripod is reliable and the setup was super easy.
AMZ0268,Desk Lamp,3,"The desk lamp is okay for basic use. The brightness works, but nothing exceptional."
AMZ0269,Vacuum Cleaner,3,"Average experience with this vacuum cleaner. It does the job, but there is room for improvement."
AMZ0270,Coffee Mug,5,"I was skeptical at first, but this coffee mug turned out to be fantastic. Great finish."
AMZ0271,Coffee Mug,5,One of the best purchases I've made recently. The coffee mug performs exactly as described.
AMZ0272,Phone Charger,4,I bought this phone charger for daily use and I'm impressed with the charging speed. Highly recommend.
AMZ0273,Tripod,4,I bought this tripod for daily use and I'm impressed with the stability. Highly recommend.
AMZ0274,Phone Charger,2,Not worth the price. The phone charger arrived late and the packaging was damaged.
AMZ0275,Backpack,5,Works like a charm. The backpack is reliable and the setup was super easy.
AMZ0276,Backpack,2,Not worth the price. The backpack arrived late and the packaging was damaged.
AMZ0277,Desk Lamp,1,Honestly expected better. The desk lamp is average at best and overpriced.
AMZ0278,Phone Case,3,Decent phone case overall. Delivery was fine and setup took only a few minutes.
AMZ0279,Usb Hub,4,"This USB hub exceeded my expectations. Great quality, easy to use, and worth every rupee."
AMZ0280,Wireless Earbuds,5,One of the best purchases I've made recently. The wireless earbuds performs exactly as described.
AMZ0281,Gaming Mouse,4,Really good value for money. The gaming mouse looks sturdy and the tracking is surprisingly good.
AMZ0282,Desk Lamp,1,The item stopped working within a week. Customer support was also not helpful.
AMZ0283,Water Bottle,4,One of the best purchases I've made recently. The water bottle performs exactly as described.
AMZ0284,Tripod,4,Excellent product. I've been using this tripod for a week and the performance is smooth.
AMZ0285,Monitor Stand,4,Absolutely loved this monitor stand. The adjustability is excellent and it feels premium for the price.
AMZ0286,Fitness Band,1,I returned this fitness band because it did not match the description at all.
AMZ0287,Fitness Band,1,Battery life / performance is poor on this fitness band. I would not recommend it.
AMZ0288,Water Bottle,4,"This water bottle exceeded my expectations. Great quality, easy to use, and worth every rupee."
AMZ0289,Desk Lamp,5,Excellent product. I've been using this desk lamp for a week and the performance is smooth.
AMZ0290,Air Fryer,3,"Not bad, not amazing. The cooking performance is usable, but I expected a bit more."
AMZ0291,Tripod,4,The packaging was neat and the tripod feels well-built. No complaints so far.
AMZ0292,Laptop Stand,4,"Not bad, not amazing. The stability is usable, but I expected a bit more."
AMZ0293,Backpack,5,I bought this backpack for daily use and I'm impressed with the storage space. Highly recommend.
AMZ0294,Gaming Mouse,3,I returned this gaming mouse because it did not match the description at all.
AMZ0295,Laptop Stand,5,One of the best purchases I've made recently. The laptop stand performs exactly as described.
AMZ0296,Coffee Mug,3,The coffee mug is fine for the price. Build quality is acceptable and performance is average.
AMZ0297,Water Bottle,3,The quality of this water bottle is not as expected. It feels cheap and poorly made.
AMZ0298,Laptop Stand,2,The stability is inconsistent and the laptop stand does not feel durable.
AMZ0299,Usb Hub,5,Works like a charm. The USB hub is reliable and the setup was super easy.
AMZ0300,Laptop Stand,4,The packaging was neat and the laptop stand feels well-built. No complaints so far.
AMZ0301,Keyboard,1,The key response is inconsistent and the keyboard does not feel durable.
AMZ0302,Monitor Stand,5,"I was skeptical at first, but this monitor stand turned out to be fantastic. Great adjustability."
AMZ0303,Laptop Stand,5,Works like a charm. The laptop stand is reliable and the setup was super easy.
AMZ0304,Laptop Stand,2,Honestly expected better. The laptop stand is average at best and overpriced.
AMZ0305,Vacuum Cleaner,1,Honestly expected better. The vacuum cleaner is average at best and overpriced.
AMZ0306,Phone Case,5,Really good value for money. The phone case looks sturdy and the fit is surprisingly good.
AMZ0307,Gaming Mouse,5,"This gaming mouse exceeded my expectations. Great quality, easy to use, and worth every rupee."
AMZ0308,Air Fryer,4,Absolutely loved this air fryer. The cooking performance is excellent and it feels premium for the price.
AMZ0309,Monitor Stand,5,The packaging was neat and the monitor stand feels well-built. No complaints so far.
AMZ0310,Gaming Mouse,5,Really good value for money. The gaming mouse looks sturdy and the tracking is surprisingly good.
AMZ0311,Water Bottle,3,Decent water bottle overall. Delivery was fine and setup took only a few minutes.
AMZ0312,Phone Charger,3,This phone charger looks nice in pictures but performs badly in real life.
AMZ0313,Vacuum Cleaner,5,"I was skeptical at first, but this vacuum cleaner turned out to be fantastic. Great suction."
AMZ0314,Phone Case,4,Works like a charm. The phone case is reliable and the setup was super easy.
AMZ0315,Coffee Mug,5,Really good value for money. The coffee mug looks sturdy and the finish is surprisingly good.
AMZ0316,Monitor Stand,2,Very disappointed with this monitor stand. The adjustability stopped working after a few days.
AMZ0317,Air Fryer,3,"The air fryer is okay for basic use. The cooking performance works, but nothing exceptional."
AMZ0318,Backpack,5,I bought this backpack for daily use and I'm impressed with the storage space. Highly recommend.
AMZ0319,Phone Case,4,Very happy with this phone case. It arrived on time and the fit works perfectly.
AMZ0320,Fitness Band,2,"I had high hopes, but this fitness band was a letdown. The step tracking is below average."
AMZ0321,Air Fryer,5,I bought this air fryer for daily use and I'm impressed with the cooking performance. Highly recommend.
AMZ0322,Water Bottle,5,Absolutely loved this water bottle. The build quality is excellent and it feels premium for the price.
AMZ0323,Wireless Earbuds,5,Very happy with this wireless earbuds. It arrived on time and the sound quality works perfectly.
AMZ0324,Vacuum Cleaner,5,The packaging was neat and the vacuum cleaner feels well-built. No complaints so far.
AMZ0325,Laptop Stand,5,One of the best purchases I've made recently. The laptop stand performs exactly as described.
AMZ0326,Tripod,1,The stability is inconsistent and the tripod does not feel durable.
AMZ0327,Vacuum Cleaner,3,Not worth the price. The vacuum cleaner arrived late and the packaging was damaged.
AMZ0328,Air Fryer,5,The packaging was neat and the air fryer feels well-built. No complaints so far.
AMZ0329,Gaming Mouse,4,"This gaming mouse exceeded my expectations. Great quality, easy to use, and worth every rupee."
AMZ0330,Monitor Stand,2,The item stopped working within a week. Customer support was also not helpful.
AMZ0331,Coffee Mug,5,"This coffee mug exceeded my expectations. Great quality, easy to use, and worth every rupee."
AMZ0332,Laptop Stand,5,I bought this laptop stand for daily use and I'm impressed with the stability. Highly recommend.
AMZ0333,Desk Lamp,2,The quality of this desk lamp is not as expected. It feels cheap and poorly made.
AMZ0334,Fitness Band,5,Excellent product. I've been using this fitness band for a week and the performance is smooth.
AMZ0335,Gaming Mouse,3,"Average experience with this gaming mouse. It does the job, but there is room for improvement."
AMZ0336,Tripod,5,"I was skeptical at first, but this tripod turned out to be fantastic. Great stability."
AMZ0337,Phone Case,1,The fit is inconsistent and the phone case does not feel durable.
AMZ0338,Keyboard,4,Absolutely loved this keyboard. The key response is excellent and it feels premium for the price.
AMZ0339,Coffee Mug,1,The quality of this coffee mug is not as expected. It feels cheap and poorly made.
AMZ0340,Monitor Stand,4,Excellent product. I've been using this monitor stand for a week and the performance is smooth.
AMZ0341,Tripod,4,"Not bad, not amazing. The stability is usable, but I expected a bit more."
AMZ0342,Backpack,5,"I was skeptical at first, but this backpack turned out to be fantastic. Great storage space."
AMZ0343,Phone Charger,4,One of the best purchases I've made recently. The phone charger performs exactly as described.
AMZ0344,Monitor Stand,2,Very disappointed with this monitor stand. The adjustability stopped working after a few days.
AMZ0345,Tripod,4,"Not bad, not amazing. The stability is usable, but I expected a bit more."
AMZ0346,Bluetooth Speaker,5,Really good value for money. The Bluetooth speaker looks sturdy and the bass is surprisingly good.
AMZ0347,Vacuum Cleaner,1,Honestly expected better. The vacuum cleaner is average at best and overpriced.
AMZ0348,Gaming Mouse,5,Very happy with this gaming mouse. It arrived on time and the tracking works perfectly.
AMZ0349,Keyboard,5,Excellent product. I've been using this keyboard for a week and the performance is smooth.
AMZ0350,Gaming Mouse,5,"This gaming mouse exceeded my expectations. Great quality, easy to use, and worth every rupee."
AMZ0351,Keyboard,3,The keyboard is fine for the price. Build quality is acceptable and performance is average.
AMZ0352,Water Bottle,5,The packaging was neat and the water bottle feels well-built. No complaints so far.
AMZ0353,Desk Lamp,1,The item stopped working within a week. Customer support was also not helpful.
AMZ0354,Vacuum Cleaner,5,Absolutely loved this vacuum cleaner. The suction is excellent and it feels premium for the price.
AMZ0355,Keyboard,5,I bought this keyboard for daily use and I'm impressed with the key response. Highly recommend.
AMZ0356,Fitness Band,5,"This fitness band exceeded my expectations. Great quality, easy to use, and worth every rupee."
AMZ0357,Water Bottle,4,Very happy with this water bottle. It arrived on time and the build quality works perfectly.
AMZ0358,Gaming Mouse,3,"Not bad, not amazing. The tracking is usable, but I expected a bit more."
AMZ0359,Air Fryer,5,"This air fryer exceeded my expectations. Great quality, easy to use, and worth every rupee."
AMZ0360,Tripod,5,One of the best purchases I've made recently. The tripod performs exactly as described.
AMZ0361,Tripod,2,Battery life / performance is poor on this tripod. I would not recommend it.
AMZ0362,Usb Hub,5,"I was skeptical at first, but this USB hub turned out to be fantastic. Great port connectivity."
AMZ0363,Coffee Mug,3,Honestly expected better. The coffee mug is average at best and overpriced.
AMZ0364,Tripod,3,I returned this tripod because it did not match the description at all.
AMZ0365,Bluetooth Speaker,2,Honestly expected better. The Bluetooth speaker is average at best and overpriced.
AMZ0366,Phone Case,5,"I was skeptical at first, but this phone case turned out to be fantastic. Great fit."
AMZ0367,Usb Hub,3,"Not bad, not amazing. The port connectivity is usable, but I expected a bit more."
AMZ0368,Keyboard,5,"This keyboard exceeded my expectations. Great quality, easy to use, and worth every rupee."
AMZ0369,Tripod,3,Decent tripod overall. Delivery was fine and setup took only a few minutes.
AMZ0370,Water Bottle,3,Decent water bottle overall. Delivery was fine and setup took only a few minutes.
AMZ0371,Coffee Mug,3,The coffee mug is fine for the price. Build quality is acceptable and performance is average.
AMZ0372,Air Fryer,5,I bought this air fryer for daily use and I'm impressed with the cooking performance. Highly recommend.
AMZ0373,Water Bottle,5,Absolutely loved this water bottle. The build quality is excellent and it feels premium for the price.
AMZ0374,Laptop Stand,2,The stability is inconsistent and the laptop stand does not feel durable.
AMZ0375,Desk Lamp,5,"I was skeptical at first, but this desk lamp turned out to be fantastic. Great brightness."
AMZ0376,Fitness Band,4,Absolutely loved this fitness band. The step tracking is excellent and it feels premium for the price.
AMZ0377,Wireless Earbuds,5,"This wireless earbuds exceeded my expectations. Great quality, easy to use, and worth every rupee."
AMZ0378,Laptop Stand,2,Not worth the price. The laptop stand arrived late and the packaging was damaged.
AMZ0379,Laptop Stand,5,The packaging was neat and the laptop stand feels well-built. No complaints so far.
AMZ0380,Water Bottle,4,"I was skeptical at first, but this water bottle turned out to be fantastic. Great build quality."
AMZ0381,Monitor Stand,5,"This monitor stand exceeded my expectations. Great quality, easy to use, and worth every rupee."
AMZ0382,Vacuum Cleaner,5,One of the best purchases I've made recently. The vacuum cleaner performs exactly as described.
AMZ0383,Vacuum Cleaner,5,Very happy with this vacuum cleaner. It arrived on time and the suction works perfectly.
AMZ0384,Water Bottle,4,"Not bad, not amazing. The build quality is usable, but I expected a bit more."
AMZ0385,Monitor Stand,5,The packaging was neat and the monitor stand feels well-built. No complaints so far.
AMZ0386,Phone Charger,2,The charging speed is inconsistent and the phone charger does not feel durable.
AMZ0387,Wireless Earbuds,5,Very happy with this wireless earbuds. It arrived on time and the sound quality works perfectly.
AMZ0388,Power Bank,2,The quality of this power bank is not as expected. It feels cheap and poorly made.
AMZ0389,Desk Lamp,5,Works like a charm. The desk lamp is reliable and the setup was super easy.
AMZ0390,Bluetooth Speaker,3,Battery life / performance is poor on this Bluetooth speaker. I would not recommend it.
AMZ0391,Bluetooth Speaker,3,The quality of this Bluetooth speaker is not as expected. It feels cheap and poorly made.
AMZ0392,Phone Charger,5,Absolutely loved this phone charger. The charging speed is excellent and it feels premium for the price.
AMZ0393,Phone Charger,5,Really good value for money. The phone charger looks sturdy and the charging speed is surprisingly good.
AMZ0394,Usb Hub,5,Absolutely loved this USB hub. The port connectivity is excellent and it feels premium for the price.
AMZ0395,Keyboard,5,Absolutely loved this keyboard. The key response is excellent and it feels premium for the price.
AMZ0396,Phone Case,5,One of the best purchases I've made recently. The phone case performs exactly as described.
AMZ0397,Air Fryer,2,I returned this air fryer because it did not match the description at all.
AMZ0398,Bluetooth Speaker,5,"I was skeptical at first, but this Bluetooth speaker turned out to be fantastic. Great bass."
AMZ0399,Monitor Stand,5,Very happy with this monitor stand. It arrived on time and the adjustability works perfectly.
AMZ0400,Water Bottle,5,"This water bottle exceeded my expectations. Great quality, easy to use, and worth every rupee."
AMZ0401,Gaming Mouse,5,One of the best purchases I've made recently. The gaming mouse performs exactly as described.
AMZ0402,Keyboard,5,The packaging was neat and the keyboard feels well-built. No complaints so far.
AMZ0403,Tripod,5,Absolutely loved this tripod. The stability is excellent and it feels premium for the price.
AMZ0404,Vacuum Cleaner,4,Absolutely loved this vacuum cleaner. The suction is excellent and it feels premium for the price.
AMZ0405,Air Fryer,4,"This air fryer exceeded my expectations. Great quality, easy to use, and worth every rupee."
AMZ0406,Desk Lamp,1,Battery life / performance is poor on this desk lamp. I would not recommend it.
AMZ0407,Desk Lamp,5,One of the best purchases I've made recently. The desk lamp performs exactly as described.
AMZ0408,Air Fryer,4,"The air fryer is okay for basic use. The cooking performance works, but nothing exceptional."
AMZ0409,Desk Lamp,2,The brightness is inconsistent and the desk lamp does not feel durable.
AMZ0410,Tripod,2,Honestly expected better. The tripod is average at best and overpriced.
AMZ0411,Monitor Stand,5,One of the best purchases I've made recently. The monitor stand performs exactly as described.
AMZ0412,Power Bank,4,"The power bank is okay for basic use. The battery backup works, but nothing exceptional."
AMZ0413,Bluetooth Speaker,4,The packaging was neat and the Bluetooth speaker feels well-built. No complaints so far.
AMZ0414,Phone Case,2,Battery life / performance is poor on this phone case. I would not recommend it.
AMZ0415,Keyboard,2,Battery life / performance is poor on this keyboard. I would not recommend it.
AMZ0416,Laptop Stand,5,Very happy with this laptop stand. It arrived on time and the stability works perfectly.
AMZ0417,Bluetooth Speaker,3,The Bluetooth speaker is fine for the price. Build quality is acceptable and performance is average.
AMZ0418,Gaming Mouse,2,The quality of this gaming mouse is not as expected. It feels cheap and poorly made.
AMZ0419,Keyboard,3,Decent keyboard overall. Delivery was fine and setup took only a few minutes.
AMZ0420,Monitor Stand,5,I bought this monitor stand for daily use and I'm impressed with the adjustability. Highly recommend.
AMZ0421,Power Bank,2,Very disappointed with this power bank. The battery backup stopped working after a few days.
AMZ0422,Usb Hub,5,"I was skeptical at first, but this USB hub turned out to be fantastic. Great port connectivity."
AMZ0423,Water Bottle,5,The packaging was neat and the water bottle feels well-built. No complaints so far.
AMZ0424,Monitor Stand,4,The packaging was neat and the monitor stand feels well-built. No complaints so far.
AMZ0425,Desk Lamp,3,"The desk lamp is okay for basic use. The brightness works, but nothing exceptional."
AMZ0426,Tripod,2,The stability is inconsistent and the tripod does not feel durable.
AMZ0427,Usb Hub,2,"I had high hopes, but this USB hub was a letdown. The port connectivity is below average."
AMZ0428,Vacuum Cleaner,4,Absolutely loved this vacuum cleaner. The suction is excellent and it feels premium for the price.
AMZ0429,Monitor Stand,5,"This monitor stand exceeded my expectations. Great quality, easy to use, and worth every rupee."
AMZ0430,Gaming Mouse,3,Decent gaming mouse overall. Delivery was fine and setup took only a few minutes.
AMZ0431,Monitor Stand,3,"The monitor stand is okay for basic use. The adjustability works, but nothing exceptional."
AMZ0432,Backpack,2,The item stopped working within a week. Customer support was also not helpful.
AMZ0433,Desk Lamp,1,Honestly expected better. The desk lamp is average at best and overpriced.
AMZ0434,Monitor Stand,2,Honestly expected better. The monitor stand is average at best and overpriced.
AMZ0435,Bluetooth Speaker,2,Honestly expected better. The Bluetooth speaker is average at best and overpriced.
AMZ0436,Phone Charger,1,Very disappointed with this phone charger. The charging speed stopped working after a few days.
AMZ0437,Phone Charger,3,"Not bad, not amazing. The charging speed is usable, but I expected a bit more."
AMZ0438,Backpack,1,I returned this backpack because it did not match the description at all.
AMZ0439,Fitness Band,3,"Not bad, not amazing. The step tracking is usable, but I expected a bit more."
AMZ0440,Keyboard,5,The packaging was neat and the keyboard feels well-built. No complaints so far.
AMZ0441,Tripod,5,Absolutely loved this tripod. The stability is excellent and it feels premium for the price.
AMZ0442,Tripod,5,"I was skeptical at first, but this tripod turned out to be fantastic. Great stability."
AMZ0443,Gaming Mouse,2,The tracking is inconsistent and the gaming mouse does not feel durable.
AMZ0444,Coffee Mug,3,Decent coffee mug overall. Delivery was fine and setup took only a few minutes.
AMZ0445,Monitor Stand,5,One of the best purchases I've made recently. The monitor stand performs exactly as described.
AMZ0446,Tripod,5,"I was skeptical at first, but this tripod turned out to be fantastic. Great stability."
AMZ0447,Desk Lamp,5,Really good value for money. The desk lamp looks sturdy and the brightness is surprisingly good.
AMZ0448,Vacuum Cleaner,5,"This vacuum cleaner exceeded my expectations. Great quality, easy to use, and worth every rupee."
AMZ0449,Gaming Mouse,5,"This gaming mouse exceeded my expectations. Great quality, easy to use, and worth every rupee."
AMZ0450,Monitor Stand,5,Really good value for money. The monitor stand looks sturdy and the adjustability is surprisingly good.
AMZ0451,Wireless Earbuds,5,The packaging was neat and the wireless earbuds feels well-built. No complaints so far.
AMZ0452,Power Bank,4,One of the best purchases I've made recently. The power bank performs exactly as described.
AMZ0453,Phone Charger,5,Excellent product. I've been using this phone charger for a week and the performance is smooth.
AMZ0454,Keyboard,5,Very happy with this keyboard. It arrived on time and the key response works perfectly.
AMZ0455,Desk Lamp,3,"Average experience with this desk lamp. It does the job, but there is room for improvement."
AMZ0456,Coffee Mug,5,Absolutely loved this coffee mug. The finish is excellent and it feels premium for the price.
AMZ0457,Coffee Mug,5,Very happy with this coffee mug. It arrived on time and the finish works perfectly.
AMZ0458,Monitor Stand,5,Works like a charm. The monitor stand is reliable and the setup was super easy.
AMZ0459,Laptop Stand,5,Very happy with this laptop stand. It arrived on time and the stability works perfectly.
AMZ0460,Coffee Mug,2,The finish is inconsistent and the coffee mug does not feel durable.
AMZ0461,Desk Lamp,5,Works like a charm. The desk lamp is reliable and the setup was super easy.
AMZ0462,Monitor Stand,5,Absolutely loved this monitor stand. The adjustability is excellent and it feels premium for the price.
AMZ0463,Gaming Mouse,3,The item stopped working within a week. Customer support was also not helpful.
AMZ0464,Desk Lamp,2,The item stopped working within a week. Customer support was also not helpful.
AMZ0465,Gaming Mouse,3,"Average experience with this gaming mouse. It does the job, but there is room for improvement."
AMZ0466,Air Fryer,4,"Average experience with this air fryer. It does the job, but there is room for improvement."
AMZ0467,Gaming Mouse,5,Works like a charm. The gaming mouse is reliable and the setup was super easy.
AMZ0468,Keyboard,5,Absolutely loved this keyboard. The key response is excellent and it feels premium for the price.
AMZ0469,Gaming Mouse,2,I returned this gaming mouse because it did not match the description at all.
AMZ0470,Wireless Earbuds,2,This wireless earbuds looks nice in pictures but performs badly in real life.
AMZ0471,Phone Charger,3,"I had high hopes, but this phone charger was a letdown. The charging speed is below average."
AMZ0472,Desk Lamp,1,Not worth the price. The desk lamp arrived late and the packaging was damaged.
AMZ0473,Laptop Stand,5,"I was skeptical at first, but this laptop stand turned out to be fantastic. Great stability."
AMZ0474,Vacuum Cleaner,5,I bought this vacuum cleaner for daily use and I'm impressed with the suction. Highly recommend.
AMZ0475,Monitor Stand,1,Battery life / performance is poor on this monitor stand. I would not recommend it.
AMZ0476,Desk Lamp,5,Works like a charm. The desk lamp is reliable and the setup was super easy.
AMZ0477,Fitness Band,5,One of the best purchases I've made recently. The fitness band performs exactly as described.
AMZ0478,Tripod,4,"Average experience with this tripod. It does the job, but there is room for improvement."
AMZ0479,Coffee Mug,3,This coffee mug looks nice in pictures but performs badly in real life.
AMZ0480,Backpack,4,"Average experience with this backpack. It does the job, but there is room for improvement."
AMZ0481,Keyboard,5,Really good value for money. The keyboard looks sturdy and the key response is surprisingly good.
AMZ0482,Backpack,2,Battery life / performance is poor on this backpack. I would not recommend it.
AMZ0483,Fitness Band,5,Really good value for money. The fitness band looks sturdy and the step tracking is surprisingly good.
AMZ0484,Laptop Stand,5,Works like a charm. The laptop stand is reliable and the setup was super easy.
AMZ0485,Air Fryer,2,"I had high hopes, but this air fryer was a letdown. The cooking performance is below average."
AMZ0486,Phone Charger,5,Very happy with this phone charger. It arrived on time and the charging speed works perfectly.
AMZ0487,Tripod,2,Battery life / performance is poor on this tripod. I would not recommend it.
AMZ0488,Backpack,2,This backpack looks nice in pictures but performs badly in real life.
AMZ0489,Desk Lamp,5,Excellent product. I've been using this desk lamp for a week and the performance is smooth.
AMZ0490,Power Bank,5,Works like a charm. The power bank is reliable and the setup was super easy.
AMZ0491,Power Bank,5,The packaging was neat and the power bank feels well-built. No complaints so far.
AMZ0492,Fitness Band,4,"This fitness band exceeded my expectations. Great quality, easy to use, and worth every rupee."
AMZ0493,Usb Hub,3,Decent USB hub overall. Delivery was fine and setup took only a few minutes.
AMZ0494,Fitness Band,5,I bought this fitness band for daily use and I'm impressed with the step tracking. Highly recommend.
AMZ0495,Gaming Mouse,4,Absolutely loved this gaming mouse. The tracking is excellent and it feels premium for the price.
AMZ0496,Power Bank,5,Absolutely loved this power bank. The battery backup is excellent and it feels premium for the price.
AMZ0497,Vacuum Cleaner,3,Decent vacuum cleaner overall. Delivery was fine and setup took only a few minutes.
AMZ0498,Air Fryer,2,"I had high hopes, but this air fryer was a letdown. The cooking performance is below average."
AMZ0499,Phone Charger,4,Excellent product. I've been using this phone charger for a week and the performance is smooth.
AMZ0500,Gaming Mouse,5,Works like a charm. The gaming mouse is reliable and the setup was super easy.
