day,pressure,maxtemp,temparature,mintemp,dewpoint,humidity,cloud,rainfall,sunshine,winddirection,windspeed
1,1011.9731696839407,18.745401188473625,15.20020066667152,11.655000144869414,11.59216431753995,81,38,no,0.9997491581800289,165.32960110771216,11.674172222780436
2,1014.4399754453365,16.428668179219407,12.99244374493069,9.556219310641971,5.330913219093292,61,29,no,1.8182496720710062,66.02562354723618,11.084844859190754
3,1012.2370578944476,20.24756431632238,14.135589723408595,8.023615130494811,7.882964564596847,68,27,no,2.3277134043030423,32.61831643181549,17.367720186661746
4,1017.1988081347264,18.82461991267163,15.353618056659574,11.882616200647517,10.154195416147454,74,6,no,0.6505159298527952,341.59879341119995,24.312640661491187
5,1013.6846605302431,23.083973481164612,15.108134932689104,7.1322963842135945,7.694167616727408,62,6,no,8.331949117361644,62.41127526279795,12.821212151464817
6,1004.1588332573638,16.822360877880623,13.554945375052096,10.287529872223567,8.105880621999566,72,3,no,9.695846277645586,279.04781641000125,23.789978831283783
7,1001.7698500410384,23.948273504276486,16.566786677977042,9.185299851677595,14.098032088115742,87,22,no,9.61172024349349,304.0321855241345,19.946402202747617
8,1012.1406849537337,20.396921323890798,14.752089741768867,9.107258159646937,12.543621585353696,88,28,no,0.7455064367977082,355.2792971761862,20.444895385933147
9,1014.1371468769523,16.987156815341724,11.012905817603471,5.038654819865217,7.905674388332475,84,34,no,6.059599747810114,333.46831626480565,18.02154051003889
10,1001.9082023298082,24.149596755437805,17.5499333999832,10.950270044528594,12.246637444812421,73,22,no,6.659223566174966,212.86720357478177,10.494435859801284
11,1016.9782764853217,20.612434258477013,14.14646119087677,7.680488123276529,11.976733763211392,89,4,no,7.70967179954561,177.76641469118067,15.454656587639882
12,1000.6285837137347,19.275410183585496,12.226672035397081,5.177933887208666,4.874020597356908,63,38,no,5.6327557197638365,250.3857911134059,7.786629088117514
13,1018.8570714111596,21.044173792778174,14.911530715944943,8.778887639111712,8.129898064353561,66,6,no,1.6122128725400442,334.69115484332633,21.16240759128834
14,1003.7314011777207,21.334037565104236,16.21713084820913,11.100224131314024,13.039163309603818,84,29,no,3.24345021005274,43.951663692242406,12.125956761539499
15,1000.0104075399063,24.06828441545754,15.486605080574993,6.904925745692447,11.372745803823165,79,12,no,0.06952130531190703,183.86902892792367,13.34822006297558
16,1018.8581940782503,17.221078104707303,11.530067838021541,5.83905757133578,5.555758866443307,70,31,no,7.030189588951778,130.90665685654582,24.435641654419214
17,1006.0175661963353,24.62447294942111,15.69347451009933,6.762476070777549,10.676965545453644,74,16,no,9.766149558326529,147.97332479456327,5.661014658010968
18,1010.6186916663428,18.45071248026683,13.945585946588189,9.440459412909547,10.029818655916788,80,25,no,2.4205527151150044,241.96879706611628,20.23239230657435
19,1012.6461166118715,17.376375439923997,13.736944940103507,10.097514440283017,7.943643736419026,71,5,no,8.16431873219384,287.4042449944384,8.014350879308589
20,1006.5191781040377,20.081987767407185,14.97633870747168,9.870689647536173,12.126491536353997,85,35,yes,2.048372233197124,81.53847907125767,17.903455808188998
21,1018.7345997747346,16.743664290049914,13.290114228383587,9.836564166717261,7.61052630618681,71,0,no,7.3521611924077215,75.26578346557693,15.828959476551317
22,1019.6433668665887,21.957843993450822,14.27884707301596,6.599850152581098,7.3285766355915785,65,1,no,9.654193512887936,200.98564329855515,22.652726863786793
23,1016.9332228447661,16.887071083413794,11.919585275779534,6.952099468145273,8.12173225561616,81,19,no,7.798755458576238,231.1313926155436,6.682799299900976
24,1000.1839410323325,16.616287140946138,13.953083230317846,11.289879319689554,9.591657588275385,78,24,no,0.05061583846218687,57.890898510299515,15.974675787331723
25,1014.2435844269507,21.918951976926934,15.741340396722569,9.563728816518204,9.086956253485928,66,32,no,1.7882270922132881,131.92876244982958,19.883410461131245
26,1010.1762815367752,22.209399242521293,14.682912392744008,7.1564255429667245,9.938153776073404,76,21,no,2.4398964337908358,350.28379971088043,12.861954493335208
27,1010.0527418621039,23.920465551771134,16.669217966875987,9.41797038198084,13.438085788125877,83,27,no,8.64167565071903,82.8666965669599,14.983867597695046
28,1019.8910102159468,20.72004199209183,15.549960046117995,10.379878100144163,7.811582676644598,61,29,no,9.148643902204485,133.25713209196,5.309132330577349
29,1019.272399541785,24.283185625877252,16.140237332049225,7.997289038221201,13.940166246311241,88,32,no,3.0569701928718187,68.72797121412457,10.369497137803137
30,1016.8842628145262,19.852798742763156,13.73080340621075,7.608808069658345,8.098952207067583,71,2,no,0.9717649377076854,221.4026016117011,24.801077002085265
31,1014.815372355084,16.40084015236524,12.514573859455698,8.628307566546157,9.778812291023431,86,32,no,7.089109969101186,199.01519168684678,10.93020287295597
32,1001.6318836080048,19.197808564462765,12.995628584811985,6.793448605161206,8.664710850006069,78,6,no,7.9829517896677515,233.98701507999544,19.03933754515407
33,1007.5116590527989,22.95792669436101,17.093982043541985,11.230037392722963,11.121952984651198,70,1,no,6.720261352951994,118.13496029090349,8.100832334554884
34,1005.0050272103173,24.818408883105313,17.84547169879543,10.872534514485544,15.007899408665482,85,5,no,5.370824271966555,117.59444704657471,21.557380075751773
35,1016.8404615002396,17.71542915819742,14.736095985466404,11.756762812735388,9.479686955148777,73,31,no,5.406351216101065,229.47476453935437,19.52182667445323
36,1015.9037238953741,24.758520794625348,16.686311616366858,8.614102438108368,10.624050454014334,69,18,no,0.7845638134226596,9.126267629564705,24.252968293558503
37,1003.4658864014169,23.35980120512206,16.615810323888972,9.871819442655886,11.069527990374592,72,0,no,2.397873591574032,33.79438442926503,8.657319942146147
38,1013.1422265700033,24.346139973397097,16.907017065150274,9.467894156903453,12.007194609709675,75,4,no,4.196000624277899,89.18315622041669,12.119453573025233
39,1000.920052840435,22.57846110464369,13.83960776252599,5.1007544204082915,6.536043605567487,63,29,no,7.036578593800237,170.70257847143708,6.95668321302003
40,1008.6770329847594,19.916158751168325,14.115230573316143,8.31430239546396,7.154441792776234,65,22,yes,3.7965829263655437,319.2049394272971,10.21787246683428
41,1010.7875489680013,15.153045402903848,13.343549779730115,11.53405415655638,8.349789083221669,75,3,no,9.438916045607572,339.93057496506026,22.343978671100075
42,1011.4673408334387,21.364035974460112,15.985340518618456,10.6066450627768,12.048350572916346,80,32,no,5.45616789315935,338.92733115954906,12.722052756015485
43,1001.3872260175033,24.611905638239143,17.974680065965796,11.337454493692446,11.149426874701575,65,30,no,0.3896313231023363,222.57139836164143,11.73108429777453
44,1006.8124913892848,21.557226353807422,14.62750135028319,7.697776346758955,10.71718336411993,80,6,no,6.967371653641506,226.41942484075824,22.54944027054106
45,1003.5487908755945,22.35071043803886,16.4875384753664,10.624366512693939,10.179745910794237,68,8,no,5.759245752580846,263.39319190787046,7.553794588449312
46,1011.2373338428755,17.500164492161048,13.281986289284209,9.06380808640737,10.484685932542542,86,11,no,7.508710677914974,271.63543467048567,7.062477376718652
47,1006.4009920206122,24.025529066795666,16.28114783696533,8.536766607135,13.23989263361178,84,18,no,0.1083765148029836,325.93751151093494,6.825733535722671
48,1011.4687577624658,18.19313637590415,14.921785072629891,11.650433769355635,12.625427954255228,88,15,no,2.9321077169806453,118.31923633316974,18.450369121540767
49,1001.8241220609738,22.523745294376802,16.53239930022887,10.54105330608094,13.270108156996194,83,38,no,0.5587115467735004,265.33280044476317,15.91831540329978
50,1016.7392774847475,22.058314838786945,16.919439223302945,11.780563607818944,13.047619284353178,80,16,no,0.8410680611499743,252.3488873252832,6.4552601272838706
51,1001.6967542817039,23.218600592903563,16.581148091499518,9.943695590095473,9.069240775350917,62,18,no,8.631385219890038,316.92958870983006,9.733703873641575
52,1014.163623911664,24.076937063485463,16.610079117617225,9.14322117174899,10.711388597819107,70,18,no,5.58404249735805,152.71992332891145,23.12708770189472
53,1009.3732128398825,16.111974823061512,12.280175276548764,8.448375730036014,4.348297145153278,60,19,no,1.1752624677710488,233.71570876178288,19.920897585308467
54,1005.7142417256372,20.833687650971598,16.284447745146696,11.735207839321793,10.53367122228892,71,32,no,9.632225394406113,4.375610888333883,24.39757653415278
55,1019.859295922386,15.431599119505762,13.33480045769613,11.238001795886497,8.501007112213928,75,36,no,6.954111231066475,27.156436952316938,8.324308638185059
56,1013.9385011172762,17.168091065864914,12.114774346870462,7.061457627876009,10.089762597046686,89,2,no,0.4544638034145787,101.14674825320292,24.008229681531176
57,1005.5476236596227,23.902637838909165,16.046117554204578,8.189597269499991,11.766913141013799,78,27,no,3.882683839898722,82.58210845378188,10.31875849928478
58,1000.646319022193,18.603450952052683,12.711549996016261,6.819649039979839,7.430995076989247,73,8,no,8.137950197069486,246.50322211939653,8.252338786897827
59,1014.5143901677671,24.109271844938426,17.433516272700302,10.757760700462182,15.132315752451849,88,24,no,9.327284833540133,311.783000220147,5.904373402123788
60,1019.7455225862989,30.474605540950535,26.496082971743565,22.517560402536596,15.359402956434563,44,10,no,3.8089085663102153,349.16918321325716,21.842378462714173
61,1005.4681414386141,45.089916684800485,34.357117301170064,23.624317917539642,20.846034315196057,32,5,no,5.343462750294631,269.96786980918984,23.263315045152858
62,1007.5570109855157,40.532691581858494,33.62307085536034,26.713450128862178,22.165558067615073,42,20,no,1.2915941515149498,343.45836981314005,17.123492689017603
63,1007.1632543606568,34.11557049906233,30.087989355966304,26.06040821287028,17.79675879871368,38,7,no,4.981651866458929,171.4358508440451,21.627429801250024
64,1001.7681644673129,35.53999031587889,31.66830956921782,27.796628822556748,21.476152161856756,49,16,no,0.28782676313338973,271.8494120425028,17.406191027069294
65,1000.2908933133576,42.67343582578602,31.614502881946475,20.555569938106927,16.432731735467094,24,37,no,6.366443216222826,199.73361907520123,6.820041821026606
66,1018.2094255680655,43.07514658770411,33.822251135246724,24.56935568278934,20.52771381974335,33,29,no,8.623637087467452,341.82742451675114,7.941469618580759
67,1009.1827151247652,46.6785772529069,35.29198638493068,23.905395516954457,20.841452714724433,27,33,no,3.4741340822541424,75.2870847882651,16.59299868943477
68,1011.6953221189831,36.14813778821781,30.297649394393325,24.44716100056884,17.05836434829476,33,10,no,6.4087474480321465,65.47683038369213,11.913345666477264
69,1003.4463974240326,46.14219137830821,34.91486553073134,23.68753968315447,22.920211961857504,40,18,no,3.4508262782238672,125.14291721376607,5.636093629703303
70,1017.8843452579185,39.87687556573336,32.144978805261815,24.413082044790276,18.280927710893728,30,13,no,3.2158276468002898,33.22461104234859,14.622907881125863
71,1007.5457193048414,42.380124907729495,33.26000453514831,24.139884162567135,18.201870631445473,24,16,no,8.062012797930613,269.373488538117,8.690420387127546
72,1012.365095430606,33.768287820060785,28.106976526778684,22.445665233496584,15.014114437924812,34,22,no,7.205160613914648,22.44289050404692,7.954781838124534
73,1014.9923246401718,32.396104714574605,29.32104538970729,26.245986064839975,18.387689425509063,45,17,no,5.326172664550231,87.28938130850268,10.384864618987619
74,1004.2289601399309,36.79111493588321,27.515984654607962,18.240854373332716,13.448459648107033,29,25,no,2.332164115498012,123.45367114017368,14.479398828611123
75,1011.6839896942834,36.391877459027484,31.088875771263197,25.78587408349891,17.966368381788698,34,21,no,7.4543947418433,155.39743664268457,7.551606055911275
76,1011.4155660933783,35.107966304377044,28.732476930580333,22.356987556783622,16.60798037856994,39,5,no,2.372267917359945,36.64169014334534,8.05718278368664
77,1005.7019033738769,34.42723911092115,27.17770779501791,19.92817647911467,12.297109939325741,25,30,no,8.423140352981816,18.588772034824622,5.364849628567221
78,1011.5199683561132,42.545306322595586,36.25618636990816,29.96706641722073,25.635847947752282,46,10,no,8.1707207094928,92.84501773617833,8.417751747801317
79,1011.432253789398,42.035577958639756,35.594044914085394,29.15251186953103,22.934622272168973,36,4,no,3.2367923640424365,153.15711790191003,15.1522075736891
80,1005.7726110648051,34.36337518347145,26.870708540170945,19.378041896870442,14.53442879482074,38,36,no,9.320143422569341,115.43118917742514,16.877661951157975
81,1010.9784395977796,36.64614866717813,30.048682166903664,23.451215666629196,17.34030087453258,36,1,no,8.09874445854635,91.67063571495498,18.630054444478585
82,1008.2368182829454,43.684101478014355,34.41588318265424,25.14766488729413,21.24534031395519,34,29,no,8.507274600164546,268.5508291975385,13.170365858718338
83,1007.584571699276,46.79288520779919,38.34201946264394,29.891153717488688,23.572030322963364,26,0,no,5.744731131799119,303.05835963297795,7.79544753252579
84,1003.2853159586199,44.31481161347802,32.36716972702548,20.419527840572933,17.349105384219705,24,4,no,6.337585637201773,326.8318069665057,11.323931645929893
85,1014.2756490971066,40.58952016431102,33.392652462658305,26.19578476100559,20.10434407045254,33,31,no,3.0137787416414206,269.1393768634504,15.054407801849583
86,1010.8710572222798,34.179828512642715,31.48736169596877,28.794894879294823,17.790709024208038,31,39,no,5.4284931061340895,155.35013152911935,11.656315718249687
87,1017.5725823074688,43.14988446256743,34.737247875703744,26.32461128884006,19.737632435664043,25,32,no,8.938925830509577,283.8949960408311,8.033497594655024
88,1000.6706486947156,35.61099722031987,28.296433449046727,20.981869677773588,16.76011120448279,42,21,no,4.939814871308626,271.668705069642,7.0583206148829
89,1012.0791574414502,39.656664326722705,31.101261556702845,22.545858786682988,17.843262872392913,33,14,no,1.4991742734877378,82.53050228375093,19.445051367861325
90,1010.8544888669519,42.96065765782934,34.32721462622645,25.69377159462357,22.49090529302905,40,26,no,1.8159771680142567,327.0422020801062,16.66783589532241
91,1003.0670280623216,37.21532550174552,30.379697572737555,23.544069643729593,20.063397610408447,48,12,no,1.007946030158865,92.1655914673184,19.521911721248017
92,1015.8016927424817,40.67333229465879,29.949942132680594,19.226551970702396,19.462445266245073,47,36,no,1.5253904291426135,207.46380966005273,17.13430092765712
93,1018.5113702581356,37.63435208344295,32.23584145546981,26.83733082749667,21.8420435440839,48,22,no,2.359060345950812,59.58738373222432,8.726417589882413
94,1004.5479124175423,45.074834202044855,33.53029557695206,21.985756951859265,19.398961161225905,29,14,no,0.5476163882203133,120.67100699252433,21.057068971960227
95,1010.7479120587584,30.083376414082853,26.042683237188292,22.00199006029373,12.431695398733952,31,10,no,4.657001223188132,173.10131211206647,23.369094498786023
96,1004.964528855143,40.56722803445821,29.480694038689734,18.39416004292126,18.957190815964506,47,24,no,4.189254495045479,329.34452438451603,12.247877982332662
97,1013.2707474403342,40.45059030500478,33.01888088001957,25.587171455034365,17.097447619549573,20,6,no,4.58988988017013,200.62993280041724,22.212640357814678
98,1006.1987385253722,39.63125494080585,29.92240469891606,20.213554457026273,15.719980169514923,28,29,no,2.0990559309558576,323.299544198657,9.102792809640142
99,1011.2968226652523,33.432378971946,25.935487493061572,18.43859601417714,12.767889163721568,34,17,no,7.140591997898282,189.9531828521229,15.689117825144939
100,1002.0596295866263,38.659583070976545,31.311863228415767,23.96414338585499,19.90400091481321,42,7,no,9.461154621336327,134.39135386071106,10.414893462871076
101,1003.1230519473238,41.59199177830229,32.24840091573972,22.904810053177158,16.40071904970179,20,6,no,0.2709599250348349,79.9099782958618,9.621495931761428
102,1015.9983217074638,42.094069384777114,30.165297918914742,18.23652645305237,14.789949410822185,23,2,no,5.567215847833661,259.4927146717824,21.106299347158103
103,1019.2529863710974,47.79711807519797,36.51774345066086,25.238368826123754,25.358844344436374,44,36,no,4.06392308273522,116.63642199844786,6.738500299006986
104,1002.4555377932542,41.398333948397294,34.11459465337466,26.83085535835203,23.20336322617596,45,18,no,4.214245505924979,321.36181598771094,21.34887123476882
105,1011.8058988502961,36.15271233056177,28.63289676586864,21.11308120117551,14.911051214872243,31,11,no,3.451921448812756,278.5804283524825,12.25515789331891
106,1015.5951754957606,45.49922435954499,33.06667533025825,20.634126300971506,22.913958921451467,49,16,no,4.874311982495136,322.0388016818729,20.997105118946305
107,1010.8326842932173,37.6538430804462,27.961737390143803,18.26963169984141,13.57380154645348,28,24,no,1.3935607407282413,300.57488524774766,24.68804361407104
108,1000.3678135309493,39.462423281448345,29.76128735581399,20.06015143017964,15.395131314930206,28,17,no,8.150544284024571,179.31267126396207,6.343507998314202
109,1002.1315746025734,37.2944655844984,30.632022156128542,23.969578727758687,18.953237645922318,41,21,no,9.00018641848105,314.6004279225055,16.948262043406167
110,1018.2882389184992,40.809303487805764,33.394871791180414,25.980440094555064,18.447099462921113,25,25,no,7.709113770642705,151.93298143824745,12.07742753122499
111,1015.4197185107096,47.25528919163797,33.733870119892764,20.212451048147557,18.275891883358412,22,28,no,2.8869373677069987,128.0421779273817,19.38091810368491
112,1013.273423307253,35.34819088121715,30.07252328238996,24.796855683562768,16.928825695584557,34,21,no,2.149403785907568,11.225928622062483,10.245280885996502
113,1011.9368569783378,40.711402752604585,29.664256257207796,18.617109761811005,16.642453740415213,34,33,no,4.742373087003696,123.97814353592396,12.030803222684376
114,1009.1936302552226,37.43028391092154,31.94469525359449,26.459106596267436,19.534411603203417,37,34,no,7.994158789689792,250.09072950759364,10.442902744599253
115,1018.3462715092448,40.624152003643566,31.477919383461945,22.331686763280324,16.02741182342175,22,16,no,4.460057729579558,66.64785438190307,15.838018947567162
116,1013.1756673342144,45.71302504577535,36.249861841345044,26.786698636914736,25.089228728513742,44,15,no,2.4966800885918596,176.19298691153057,9.424188836392045
117,1014.1115034503138,47.778024143939646,38.5533681100895,29.32871207623936,22.789928978300537,21,6,no,5.558065814371797,170.35564250928002,11.25709713011175
118,1002.3056404249456,32.169406418156356,29.470845237827866,26.77228405749938,14.62643940454165,25,22,no,7.450645481202204,19.757741272730975,14.102873700723123
119,1007.2939449891461,39.403822369281045,32.569191088395456,25.734559807509868,20.470195191054824,39,33,no,5.302651326349002,158.7715782293382,13.089708993637014
120,1013.2331035016108,40.303699669802384,33.97571171130657,27.64772375281077,21.2061206535913,36,12,no,8.85977748236187,221.71074774562965,9.659189495072676
121,1017.494033453684,30.439214068017684,29.44020027741442,28.44118648681116,13.567816742516744,20,12,no,9.325899094252529,25.21069406908957,5.189708672569962
122,1009.5956265371301,30.948309047590115,25.00541498747677,19.06252092736342,9.230995626714336,21,15,no,9.840834691992951,276.57842899122653,13.355335643346676
123,1002.209482262628,37.58442604098726,32.217706830026984,26.8509876190667,17.650369704636798,27,13,no,8.528218216919013,257.5991934843271,16.782170689417896
124,1002.1893519735823,34.990781622541924,31.95742542361617,28.924069224690413,16.22802948693811,21,23,no,9.56415697559425,287.276155971618,10.179653032036274
125,1012.0159689288439,40.593976121518416,35.190971151239694,29.78796618096098,24.496165020028712,46,12,no,7.433528228936241,23.39510741384185,13.031604728509748
126,1002.4067752407,45.08086323509842,32.92384679237932,20.76683034966023,21.90770189888307,44,33,no,0.36731937426613626,344.6172946739972,21.52411391587932
127,1010.3652073335278,44.41385436833775,34.98559472214579,25.557335075953837,20.283538860365113,26,19,no,1.738952492194873,142.64712680495714,20.164769514081826
128,1004.4888114367332,42.52837112496826,31.18756100052326,19.84675087607826,20.082559750466967,44,24,no,5.8008620783781115,32.93526146319175,22.54921725260761
129,1019.1130299645951,34.78080076659671,27.16748991099518,19.55417905539365,16.499978390209044,46,11,no,3.29051365369871,335.3722157948364,19.704253090469056
130,1013.914285856995,35.06503729039548,28.04841320896305,21.031789127530622,12.078906047871207,20,25,no,9.621219725920497,39.4087896196034,22.889598619361347
131,1010.3215804088724,47.84655603261086,33.29238017374084,18.73820431487082,22.589817788565604,46,2,no,6.780161525590636,203.6635070384848,10.340565403388426
132,1017.0116345818849,45.815339754392845,36.69222600683799,27.569112259283138,24.642937014788544,39,12,no,6.974714616692836,244.85067783370815,17.372227564303685
133,1017.4368705549047,43.54889951203754,31.726080387777216,19.903261263516885,21.01130494297079,46,30,no,1.288698674734452,120.64278753329108,19.870165125832155
134,1010.1493546752167,32.893678128869546,30.354641209149147,27.815604289428748,19.347446276895596,44,38,no,0.8409822446798465,117.51608754118547,16.19688624617659
135,1016.3735884099968,32.085189422044635,27.30276688294311,22.520344343841586,11.357201310859462,20,5,no,0.1842771873821747,155.60668220130444,21.802430054824377
136,1015.7761396374149,37.05872180601354,28.60634484354977,20.153967881086,17.128537847852886,42,19,no,0.678370591051719,108.34688410085386,19.16344177290563
137,1012.4183103553495,31.21231082643789,28.099178174276584,24.98604552211528,14.174476515994325,30,17,no,9.734889691773969,348.79602790284895,19.993036634858495
138,1000.4424710305799,32.341552322351376,29.720355336749822,27.09915835114827,13.867876835502631,20,5,no,8.187856433570937,90.90314988781759,5.020589596912668
139,1002.0438723938744,32.860889098981616,28.241681050102315,23.622473001223014,17.907502859849295,48,38,no,8.259207657998966,107.41479515639735,21.798943293449437
140,1017.3610864506459,43.91081004030248,32.33572711833985,20.760644196377207,17.123737876796113,23,27,no,9.095245109478183,308.64963315329953,24.290409445404173
141,1006.4148548087626,43.681693411885746,33.494639280228334,23.307585148570922,19.366351223199118,29,37,no,2.131047040250833,11.20826983842409,18.033336507517703
142,1019.3638685582945,36.6334741870277,32.502886592551675,28.372298998075642,19.342146032701017,34,24,no,7.765968527917417,277.5318640718587,21.895664562337753
143,1000.6505235898251,43.69843183697398,34.60653784827548,25.514643859576985,19.394007114369806,23,2,no,4.620972907656606,0.4434606599133195,16.966545302448537
144,1004.5108028488747,40.93151606872808,30.95099776798429,20.9704794672405,18.30147380348348,36,21,no,2.6899340443509767,287.1212762293877,11.207239178471475
145,1007.8498711281337,38.19396268347242,28.166704581184813,18.139446478897206,12.601385907952166,22,30,no,6.569838575644931,272.5413363400404,24.05297276077434
146,1002.9184414807029,46.34073575372352,36.51607972562023,26.691423697516942,25.011049560227928,42,11,no,1.4249554290151323,179.59973524248818,17.36311468636238
147,1006.5292261648798,42.64436946979387,33.68007683581842,24.71578420184297,17.738701920333522,20,1,no,8.825334858196,29.70307239855166,21.490280937936678
148,1004.0171817972459,36.440424316708885,29.152780371670453,21.865136426632024,19.017578689559166,49,14,no,1.6748258225906976,37.64442252038409,17.728604990872732
149,1001.0394256730294,42.71656307676422,30.54779840733596,18.379033737907704,20.1650718847981,48,31,no,9.352018152994596,341.0461665471739,17.506093204278955
150,1013.216402365985,44.10160906694907,34.72435244876148,25.347095830573895,21.630743134205723,34,15,no,8.172977699624937,162.83458242658804,17.871553903930497
151,1001.2070416798113,39.475247896850036,33.12716107895701,26.779074261063982,17.616940971140547,22,22,no,4.792789285762873,221.6671278992074,11.580348756293244
152,1008.6731066791277,38.46328666853997,32.69731772783972,26.931348787139466,21.928314401678442,46,31,no,5.553635509376313,258.91264017801495,9.569094826625975
153,1003.9908490185829,47.934010489021354,38.815764217391376,29.697517945761398,26.717718335473,39,34,no,4.1839978866765275,73.28818092320736,21.80904812553867
154,1016.924905840381,33.13548005840857,31.332423338126148,29.529366617843724,17.82786753500779,32,36,no,3.7103876298460268,355.55384294498083,5.80218382824965
155,1014.5051532083028,45.606566930204075,35.2753359165364,24.944104902868723,21.90702843167394,33,35,no,9.007018640112586,151.81953367444396,10.536555944701032
156,1012.4593316712696,40.662305914680516,34.805333031040405,28.948360147400294,20.069306165074405,26,39,no,2.3579209395920984,279.3600745327546,13.106203661714869
157,1010.2523041041161,40.83339690591615,33.211941652315915,25.590486398715672,19.44903347544952,31,36,no,4.922778564480348,89.00318678514374,22.414998025450227
158,1011.8590170286985,38.01549459004798,31.09665141860213,24.177808247156282,17.252051635000726,30,5,no,3.121480566964471,143.65654060935998,22.159725078454116
159,1007.9331955268713,30.162547274331903,27.611749437209582,25.060951600087265,15.204033317810227,37,22,no,2.3605046334646396,26.458829038804556,8.395158101750814
160,1008.6177504732361,39.35593107400832,30.69998459559188,22.044038117175436,19.673284790887536,44,19,no,9.485833548514337,90.91000154715093,12.185014958324912
161,1010.6702385059939,36.82845461860363,31.047456255171113,25.266457891738593,17.187848573411124,30,27,no,5.581402495938629,194.3661022207965,5.683755318783163
162,1001.0339367448305,47.760473646428906,33.618061674392216,19.475649702355522,19.004847148958095,26,0,no,4.521990282834353,336.19500631004576,11.32312209953501
163,1019.732602459177,39.130226556391065,28.814550432497885,18.498874308604705,13.70460963827042,24,23,no,0.17379790185479638,116.32703654530027,24.461954961406928
164,1006.8530697624183,40.44202013451842,30.74635754664417,21.05069495876992,17.87673782646145,35,37,no,0.2997358987267795,110.85477897282873,19.093615254732935
165,1001.8780143157884,33.63336213821307,29.85727566905604,26.081189199899008,19.676747945699663,49,7,no,2.3456129333482867,346.80485981534366,10.106130494568637
166,1000.3503198172413,41.90938230668064,35.826478877743504,29.743575448806364,22.07225948058226,31,17,no,8.689049844787181,205.4195087899787,5.607741193936738
167,1004.3135030479543,46.757076519125604,36.51569876575217,26.274321012378735,24.57477908041565,40,15,no,6.669715169909073,207.78668521622933,11.97147334483941
168,1017.3287733505529,32.86717401437049,29.06331054332849,25.25944707228649,14.97197986503721,29,24,no,7.823854840582735,204.1258539552004,19.768984185026532
169,1013.3518677112717,45.81328010342426,34.331481981618325,22.849683859812394,20.293680950997757,29,5,no,8.778911590413275,114.1904580355435,22.37801251081142
170,1006.5676245577016,36.76210053387108,29.162265914297222,21.562431294723368,17.056713867063582,39,0,no,3.961726916092554,250.36819440835038,12.771162025406914
171,1004.545392545263,38.07648520720555,29.46350738884874,20.85052957049193,15.703018138624781,31,25,no,1.6844438514271964,231.32734882098825,20.18688655845732
172,1016.9433472274515,39.00801556435334,31.7581897720551,24.508363979756858,21.467061130051047,48,27,no,3.4124782762615635,136.87042276290853,12.97645561793801
173,1015.2976652308425,40.44310264609198,32.42316660340726,24.40323056072254,20.070597160167928,38,5,no,7.154909070992744,187.64428769472036,21.447868376341162
174,1019.0932006006661,37.7555176476846,33.25804456288303,28.760571478081467,17.685726183214012,22,35,no,0.6026739028956085,336.3969696499851,12.032453744792688
175,1005.6974580392384,31.825574912085898,27.828018011160903,23.83046111023591,13.368677417483951,27,26,no,5.322602133390402,209.13553917460717,6.792526783098842
176,1016.4634803119133,42.91744414635533,32.8581533140026,22.798862481649874,22.718504745978073,49,29,no,6.811178539649828,65.3178051704257,15.503267673341202
177,1005.1312556740273,42.76283271100379,31.022677894070355,19.282523077136926,18.426551211843776,37,35,no,0.8703896258765864,293.6695116615411,12.470193660767752
178,1012.7597041158659,39.47698549476806,29.412318813851343,19.34765213293463,13.427822902921239,20,20,no,2.2807977194893247,76.3361423669616,17.219619777019837
179,1007.0684275860543,37.398512456520685,32.73842404546066,28.078335634400645,22.138562785848727,47,25,no,3.0206050183479505,263.5049043308284,22.023485217055416
180,1002.9940793591392,42.08564405155106,34.90000188038618,27.714359709221302,23.499938691588614,42,4,no,7.368737449441821,310.6069479155623,9.334796001815512
181,1012.1418807217756,31.722861999362912,25.003262515959474,18.283663032556035,12.85509151861907,39,31,no,2.568838476457148,227.52557496735065,6.1690922821710785
182,1013.5168249017476,31.134195148216815,28.11617808210866,25.098161016000503,25.10141266658712,84,41,yes,2.870391062632705,249.27701447677308,24.825119874043764
183,1011.5677383401281,31.027154315633002,27.721796456584833,24.416438597536665,25.343490542228537,88,38,no,2.6489544723673344,232.30434150925808,16.915014563779135
184,1012.3431156679129,33.20950331231186,29.338663814565532,25.467824316819204,25.05646618844405,78,12,yes,0.2704502543688596,288.1283428160502,9.67424163820866
185,1010.6591557310267,34.32009531683609,30.92020583354096,27.52031635024583,28.174592678776932,86,57,yes,2.6779478207927605,357.89017003962033,18.236783796987574
186,1001.2028468520157,34.4622673389602,30.692434689958596,26.922602040956985,27.018462751377186,81,43,yes,3.8466629438192528,228.58561641277194,20.096756398816957
187,1016.4361288780217,31.36382350539134,28.50086745870608,25.637911412020816,24.61431302568703,80,11,yes,2.659646897948872,286.3619858843025,23.543556389589053
188,1019.8496700431675,31.87713665484363,28.73720015904043,25.597263663237232,23.499280225692516,73,64,no,5.209579772720422,224.49084768099348,6.782488642320333
189,1015.6405617534077,36.04216336397447,30.276508649257703,24.51085393454094,28.406846800520345,90,97,yes,0.4705961138942345,81.84862803459556,11.833490037938416
190,1010.194484935034,33.0472762040879,29.216281639221958,25.385287074356015,24.411558300208284,75,66,yes,1.7888101620193426,216.21396000982222,15.313588553929955
191,1017.028499154902,37.35513578571534,31.67149485866933,25.98785393162332,30.632284932785893,94,11,no,1.163663978854761,294.28189505682894,12.6124658695316
192,1015.8006087261413,37.02379456356056,32.24801066199518,27.472226760429802,30.277637662583288,90,51,no,3.225279778464152,8.241776991403288,8.075822993360621
193,1018.6546148095251,31.78891547597049,29.80910351377442,27.82929155157835,26.674310658428666,84,65,yes,3.4480579290904902,332.192588584822,14.741238376378718
194,1010.0513215292689,34.85002350200782,30.9546313528099,27.05923920361198,25.828824489111966,74,40,no,6.663068858350397,43.83428800509893,14.564680460961446
195,1015.5344726094338,34.04886043877401,29.48953293611776,24.93020543346152,23.88935990791427,71,95,yes,3.7457966955346422,315.3978693352953,10.555052474985223
196,1012.0510632768573,36.811589100410124,30.40645956244604,24.00133002448196,24.49489861051233,70,22,yes,0.24539850844267264,281.07417098463833,14.196008475386403
197,1013.900704577171,30.465310364043805,29.222387816361437,27.979465268679068,23.51129062134327,71,72,yes,0.6826590341999936,26.866733161349416,20.653920814882984
198,1012.3610334857437,32.12309927350556,28.417082412455276,24.711065551404992,25.875172690301874,87,3,no,8.139702695060189,221.47899776316393,11.125072415732234
199,1002.614207534804,34.99116669033311,30.54966627298986,26.108165855646607,26.680083192441717,80,62,yes,0.7784900472830603,132.39336631582427,13.282595050578541
200,1000.2206252885729,36.620303164534995,31.777380343390302,26.93445752224561,29.623904811597,89,1,yes,1.6743224864957411,284.5215849096533,16.642964595599445
201,1006.4700078982295,35.44779861790596,30.103289005302337,24.75877939269871,27.198029970340944,85,89,yes,3.903495019640215,288.55336027787627,24.191532886420667
202,1009.0875466911992,33.9028323514109,29.17088857306046,24.438944794710014,25.910686017928924,83,51,yes,0.5969511118007045,45.791914567481854,22.293207842808354
203,1012.2816262236947,31.94782374723894,29.277333169441405,26.606842591643872,27.330762809372736,90,28,yes,3.1400661753482275,321.1504880184844,24.106693730078565
204,1008.7520624811078,36.29522709004236,30.778427336517204,25.261627582992052,28.219100866949915,87,28,yes,3.7212755393512946,91.10103580828243,20.623408475738387
205,1009.0024886483952,36.60105756742963,31.29143299063678,25.98180841384393,27.223177539878357,79,48,no,0.6665204056068996,186.62688790027346,8.003380016340833
206,1000.8334580120477,35.899470149771886,30.974178916511292,26.048887683250697,28.375317812553057,87,86,no,0.7208433599867337,25.652421995493096,5.242169504697749
207,1005.9307116257531,37.65201118639584,32.30102231211593,26.950033437836026,28.067279354626255,78,10,no,9.423153896731929,282.18336363636257,12.096827205137808
208,1001.3742566503654,33.29704744210217,29.747755808488932,26.1984641748757,27.90042809051313,90,9,yes,0.3286866699057094,348.42961254421095,10.908895549548404
209,1004.1137452439111,36.15378518270507,31.326219729061066,26.498654275417056,27.235917927325545,79,48,yes,1.0428531996796662,24.931550262909575,24.19653036151858
210,1002.5046714086566,33.82604235660739,30.704650373047457,27.58325838948753,26.3157278902706,78,90,no,6.018815896363221,209.67215695460874,19.961463588590643
211,1006.76535011989,36.4941583047211,31.560036367023553,26.62591442932601,26.200515098854552,73,39,yes,0.38004679596921864,135.3574403788721,16.001838809163118
212,1018.5663506569715,33.10922238903878,28.881978797449992,24.654735205861208,24.25093533502052,76,43,yes,3.547699600837078,232.49189255587416,10.718135784783202
213,1018.378530672791,36.527575511748935,31.98652774860134,27.445479985453744,30.21909944205273,91,17,no,2.2106337145372845,352.2230203682145,19.96383811957995
214,1006.4011966504197,34.46250580408856,29.59244209839488,24.722378392701202,23.86173313338501,71,21,no,9.373880664971189,15.542544886924201,8.296296314588743
215,1004.2702273262134,31.053830187636496,28.97887491378884,26.903919639941183,27.067801563073562,90,22,no,7.328015447662506,195.20539397706537,16.806953809175457
216,1013.7777060410018,34.06688437533024,29.62853909030276,25.190193805275282,26.45364905459784,84,38,yes,3.508553766045616,156.16818441171785,8.216963479154924
217,1017.6290155935004,34.464338601191734,30.855673734327286,27.24700886746284,28.564234041891936,88,3,yes,1.605977263445153,288.0255487316974,9.080712692577977
218,1003.7604946923083,34.44067959441829,30.686482389268495,26.932285184118697,27.76640964056939,85,40,yes,2.1547826693721563,188.69730146141842,21.96095582261544
219,1014.9909096893778,36.71971184225746,32.02521685982282,27.33072187738817,26.080374931135147,70,52,yes,1.3077264653523164,53.599698119680085,11.112084309804297
220,1008.9722126190909,37.0132060946256,32.49927172256729,27.98533735050899,28.340819375101535,79,19,no,2.1720909769121057,49.61624369732475,18.260840090009843
221,1003.3377023570974,30.015039068199286,27.3642647027143,24.71349033722932,21.50962160443407,70,59,no,0.9299063982313216,211.7528161014206,14.619457797722475
222,1011.2296917591905,35.13860420724182,29.699009292586844,24.259414377931872,26.598928229727502,84,3,yes,1.9463906489750125,215.7728276386562,17.04291288104962
223,1002.9799947229849,30.183462490144336,27.73594725353054,25.288432016916744,24.91840050877631,85,23,yes,3.13958790844587,254.76513650672968,20.77229929344813
224,1006.5638550721862,34.138152451532875,29.94947422167742,25.76079599182196,24.686736855208842,73,54,yes,1.485688007492183,22.515201683052638,21.02733831639038
225,1003.4696014853191,36.13270819177315,31.5335857559712,26.93446332016925,27.03080330843063,77,69,no,7.85651618080232,42.60102873241944,13.198097793925765
226,1011.755387217244,36.71841828508494,31.126875046408557,25.535331807732177,27.98623640254449,84,60,no,1.6529411097017455,252.09070540002756,16.71620291943804
227,1015.6516387970267,34.69183273750966,30.74125762379498,26.790682510080302,29.389342238173402,93,18,yes,1.7186272509557403,314.18289017445665,21.838671335836175
228,1009.6593774417071,31.48881134277022,29.34969229097653,27.210573239182843,25.640626724665996,81,69,no,0.49842027782941556,325.4087988937349,23.187803840167923
229,1004.5044740453698,36.241704507440815,30.134910661347647,24.028116815254478,24.421311916735764,71,59,yes,3.6904922323511586,169.94175631091937,5.268052528643312
230,1005.514397061911,32.2619655166301,28.22017257506097,24.178379633491847,22.401610688128482,70,54,no,2.495461998495061,97.90190140630716,20.187965248359276
231,1009.7514238734677,33.59791873960432,30.352380483712523,27.106842227820724,24.67921127153445,71,55,yes,2.478797760797663,202.31742508805044,11.918408950033886
232,1004.7356861862277,32.521516168778874,29.80447353675268,27.087430904726485,24.236596590565416,72,31,no,9.633944342135504,201.6605460462631,23.736449240661837
233,1014.6164192996146,30.41806303428819,28.046618155292418,25.675173276296647,23.347407110102672,76,57,no,1.4496507237981704,261.0560619184013,8.82381402929578
234,1019.3471235557655,32.70610484265879,28.970449908075786,25.234794973492782,27.705629846769398,93,60,yes,0.6049873149397382,81.11409478244464,10.01933322680596
235,1002.2953774373843,36.8049284627291,31.5249098079296,26.244891153130098,28.14186436480143,83,97,yes,2.1701832135816916,285.0119958432066,15.976773134401174
236,1008.5726109394095,34.903201286895595,29.903894746627678,24.90458820635976,28.138488387070478,91,4,no,8.49975371480662,240.848041438479,14.245911220012143
237,1001.2454621176377,33.29412433267607,29.94900910063994,26.603893868603816,26.676168447674467,83,39,yes,1.4238934951794109,352.10225447047026,20.879794327360123
238,1010.8969551816903,33.97804744251751,29.668578664382522,25.35910988624754,28.029257164494904,91,67,no,5.193858595039373,73.75725869425652,22.556601563040818
239,1009.0247868836198,37.03665483961223,32.25948426989813,27.48231370018403,27.453465326805826,75,57,no,5.579807387826399,198.90490132178107,6.8830382025139585
240,1015.9668837644865,32.749305540872825,28.939514567809436,25.129723594746046,24.893156395877504,79,38,no,8.221031606002255,136.95120270272244,20.51223701850655
241,1005.7427591616915,37.715813231206496,31.265439533858626,24.815065836510755,27.882087689832332,83,91,no,2.7644169058339605,112.44567667878488,17.853493153448472
242,1008.9520588064044,31.566726500695353,29.577279111194745,27.587831721694137,26.178231727452516,83,69,no,3.1676167706752665,308.5845325195511,23.122865095315326
243,1004.0403133680499,32.215235899022474,30.07466089494168,27.93408589086089,24.778218535185474,73,7,no,6.542925523249618,54.75754196001824,13.80646836736698
244,1016.0720707088307,34.92238420055842,29.628120270257977,24.333856339957535,28.04020211229467,92,45,yes,3.953663957648306,174.72923393755937,7.448677967178821
245,1019.5956491570904,35.80148438421912,30.546764588881988,25.292044793544854,29.532155374290294,94,58,yes,0.05043007990303616,201.51204610981773,15.547992442453527
246,1014.6299298068072,35.75482897895327,31.65793059551224,27.561032212071208,26.054963518727387,71,60,yes,1.185959125133261,330.55487986419905,7.214968906379163
247,1013.0333583741285,36.076659280917056,32.01446077376408,27.952262266611097,30.52094082763732,92,72,yes,1.9768497890011996,298.1697308773986,11.704160947417455
248,1002.0127495704706,31.39009274508595,29.119074413204537,26.848056081323122,27.248965476744946,90,84,yes,3.6214394971114814,266.28166826163493,8.825208358291734
249,1014.7613824667703,34.910219350525594,30.326120584059115,25.742021817592637,27.21236923790218,84,10,no,2.5397487457202472,11.201615970248767,19.78589470329546
250,1013.6333896480324,30.850749810046196,28.055214082249034,25.25967835445187,22.07429975287077,70,69,no,2.271795570235149,301.3348050874584,10.585521769088208
251,1006.1062135339346,35.14305528046966,30.959828787254494,26.776602294039325,27.523102552979758,82,62,yes,3.0526211650355575,146.9902833934024,20.184974661216856
252,1001.1818778015651,37.22886275477436,31.07995767158976,24.931052588405155,29.11693782328952,90,78,yes,3.6287801228233194,241.46363228610025,16.2088126196088
253,1017.2912721904534,30.887915753707848,28.338068964466775,25.7882221752257,24.639860320476405,81,71,yes,1.6510445170641042,288.8475584973351,14.581401262067024
254,1019.324868214136,30.14400071156172,27.914888438939357,25.68577616631699,22.050763519393577,70,21,no,2.9221823046189774,327.87725819180946,20.079238071935677
255,1014.5334198414065,36.439254214731505,30.25564021856666,24.072026222401817,29.06969200393679,94,18,no,1.1258039041193701,253.32695188588647,15.813969532898206
256,1009.3753593092902,30.772275761563527,27.86992553729944,24.967575313035354,21.931945718686016,70,88,no,0.7424087298838644,81.48653796293493,19.60492294180292
257,1017.5452352565236,34.79046637106793,29.5242157280323,24.25796508499667,27.9104130138433,91,85,no,1.8533017952871444,28.4288983886983,9.790203398190762
258,1019.9087503238262,36.356626229601524,30.247653648253728,24.13868106690593,27.161687823671176,84,49,yes,2.635300280560282,90.83060994218636,9.404506027546303
259,1000.6529135509134,33.90699703186351,30.42863001411741,26.950262996371308,27.05482880171821,83,34,no,8.789789002822673,205.83804673739598,15.348927035100825
260,1015.4775931146031,33.44341928256792,29.355602816866202,25.267786351164478,25.52858262115976,80,18,no,4.433800143791878,218.55224833875144,17.626151061839774
261,1010.2472755509158,34.733577298450605,30.772056195396335,26.810535092342064,25.95922353727037,75,27,yes,3.1470013406177477,349.4758343309219,10.253512851973035
262,1005.3791789165294,32.17255011800832,29.03206932462597,25.89158853124362,27.951270888903156,94,37,yes,1.017566323367388,130.26711355384992,14.449867100130271
263,1019.430653818021,30.36518996401907,27.46264317711617,24.56009639021327,22.846714716072697,76,92,yes,2.4900787829189808,169.10775467664615,13.949362826449157
264,1017.08271995301,33.79430736345009,30.078888564267125,26.363469765084165,26.763926006023915,83,61,no,8.43924612611724,102.5668877511459,14.257039100317012
265,1000.8877554434171,33.508307908299486,29.191173622858003,24.87403933741652,25.175157858289587,79,8,no,2.8456230176289754,294.5544007493691,15.631989292088617
266,1013.5084041509418,37.03890141888928,31.66900981797347,26.29911821705766,25.81735093329717,70,18,yes,3.717706777892456,59.47341816162606,12.797447058830882
267,1005.1634650838234,35.83888247078783,31.683958347583612,27.52903422437939,29.03867337129615,86,60,yes,3.2951615368851788,343.82178413459604,21.42396565100453
268,1005.1521444066744,30.01252084153178,28.279063161132704,26.545605480733627,22.534740068343208,71,86,yes,3.4863909091529224,92.4099221916165,18.305842039561107
269,1011.9264303772073,36.40283903218725,31.52674854221234,26.65065805223742,25.988172502578625,72,39,no,0.7100766453325547,28.864805069485243,12.095425836719684
270,1007.2383998167574,37.533805692951404,32.10404813992153,26.674290586891658,29.497397923284353,86,74,yes,2.0086144398479475,49.993677502746124,7.314752133574107
271,1014.8196250054916,31.234572522264635,27.960983223786506,24.687393925308378,25.150368687104674,85,92,yes,2.135869890191055,51.169364565644756,5.234132214618081
272,1011.5439977346911,33.37627408102111,29.278218455818866,25.180162830616624,25.70822092480688,82,89,no,8.08022629906553,77.77849140420739,14.332155693944317
273,1017.0368247374789,36.53378562046836,30.401661919805225,24.269538219142092,26.33862484814852,79,35,no,2.753811742554185,110.27285956015656,20.779703198415866
274,1017.1512467532257,29.46419516401582,23.92561894408132,18.38704272414682,15.215308438754436,56,14,no,0.988736176406354,320.2747318863239,5.246194060321512
275,1010.5162519774665,28.700523346742553,20.459942913261905,12.21936247978126,10.03183981464307,47,33,no,4.305293384622075,51.33389186948715,22.801940703676166
276,1012.9164477257297,28.458774607378572,20.847226292582583,13.23567797778659,8.949017332205587,40,27,yes,1.5434980115804637,285.01929333408475,16.919776843669638
277,1016.8344672348935,26.01259914615159,22.394857531850935,18.77711591755028,12.519198911391905,50,11,no,1.0525918519701238,60.24950392990606,24.44050512993182
278,1002.7157809412787,27.284867467547706,23.552242205735325,19.819616943922945,13.679893031832378,50,25,yes,0.12382316367737412,139.67523358087303,8.200498729263881
279,1005.7848954394531,25.23352096328186,21.641614937441638,18.049708911601414,11.475706972969201,49,36,no,3.703969862753065,134.9292844014467,14.480128569663117
280,1001.7640340757974,29.441277131657515,24.700070458066044,19.958863784474573,14.881594942939255,50,16,no,3.403871042545057,194.90673864513067,8.082900863569742
281,1016.6729992387517,30.537114853580114,23.435376676430074,16.33363849928003,14.482983926849554,55,2,no,2.5933489731709445,70.0645812137539,6.152951643980497
282,1011.1541765250008,28.424479788347135,21.2932306626967,14.161981537046266,13.158900206162329,59,0,no,1.391967013456955,159.85574971279306,17.524686428421276
283,1017.6062952429785,29.888978317924515,22.551604361579557,15.214230405234595,14.52699791717835,59,39,no,7.925213919629192,166.12038427943256,19.616360574236175
284,1018.1388561766967,26.479841473658347,22.650151864435387,18.820462255212426,13.493690731164662,54,26,no,7.221432354559059,192.01918635553054,22.3993831929537
285,1015.8842132509881,26.306523438234628,22.315300896216854,18.32407835419908,10.814584152084247,42,19,no,0.34461259425,349.0587816653143,23.98224286178881
286,1009.8386220021146,30.129024161471975,21.43920176355963,12.749379365647282,12.457686649953997,55,35,no,2.0322309108608727,274.247348895971,12.730810136460558
287,1017.3115429124911,30.11275462200751,23.025679231008482,15.938603840009456,13.334795347941007,51,13,no,4.434558363819042,216.76211472772064,16.828135188449764
288,1001.1894313773456,33.06589342326277,24.438880246744557,15.811867070226342,16.423372045302322,59,16,no,2.9843491236187667,86.53765993181418,11.23798160008561
289,1004.4149097690556,27.560475651049543,19.903398024166563,12.246320397283583,11.789530193728918,59,15,no,9.292573980072293,10.99780455361679,22.440966768940154
290,1016.3959560996946,30.272261808398003,23.66630734406231,17.060352879726622,14.244188452546446,52,23,no,5.285781097221971,285.6218451499252,24.81092065540267
291,1000.0463509580962,27.00651017403761,23.4818496532588,19.957189132479982,11.841098270389896,41,2,no,8.341445970006758,266.57140750326687,7.857005746016772
292,1015.3223186559118,32.534279222569694,25.34283073971541,18.151382256861126,15.97699280239563,53,35,no,1.0440412974808144,143.6760677065403,19.46298972929259
293,1006.1227468175919,27.803344607915207,22.651297760502555,17.499250913089902,10.749291553573165,40,7,no,8.082352100092221,341.1676893472095,6.446329505158772
294,1001.5372415055233,34.55115207291701,25.36588243380549,16.18061279469396,14.564145145620984,45,33,no,7.070864772666981,18.081364127030554,6.458036707358071
295,1005.6200899781743,29.02873282632637,21.69552838935496,14.362323952383546,10.62506568157915,44,7,no,1.5232958946453545,95.82048450559348,5.44053842447634
296,1004.3854792384775,30.832574924561158,24.785210447656368,18.737845970751582,14.981132245422936,50,12,no,3.5781408411354887,233.2142805565902,7.458413569307751
297,1011.7172957690703,33.886590802653984,24.955631204446338,16.02467160623869,14.753030172604905,48,7,no,6.370908370809049,189.46024572175298,14.263454335026836
298,1011.2657786190763,27.346534417758495,20.88604344672343,14.425552475688368,10.045923922497867,45,3,no,7.753461504031356,97.70737696081717,14.933908456358932
299,1001.0866406964581,27.842740929275166,20.456683916636358,13.070626903997546,10.974914704203304,52,11,no,1.0274825245242336,68.05422890191142,20.660332746334657
300,1011.6653303562609,32.15038718850684,24.449136646157157,16.747886103807478,16.032043549861847,57,7,yes,0.987295476807609,266.72546021474574,11.325402994586135
301,1016.8542380432111,26.018923880660136,20.450397615531777,14.881871350403422,9.53197076106988,45,3,no,8.918721448107348,156.17427104755063,23.19886287708784
302,1013.7403853300649,28.77318053963193,24.242903935776397,19.712627331920864,12.60006203387869,41,25,no,9.301709654384245,303.92953286609463,18.51695492928673
303,1003.656144733138,26.391158488910875,20.21250477945022,14.033851069989565,11.714549685660685,57,23,no,9.50772707731338,252.9145805525305,10.961044172788863
304,1000.9637202478659,26.053649222508565,22.154120064634025,18.254590906759486,12.730716950537689,52,36,no,3.8512011990250006,311.69525948004787,14.519354620233118
305,1000.0576250333123,26.10977524585148,21.592584204072075,17.07539316229267,12.675706677127595,55,6,no,4.16504431903879,295.9847592539124,22.00696002239791
306,1017.6031347584297,27.11994054698658,22.189384202173805,17.258827857361027,12.078511418825732,49,32,no,7.5402303492838225,12.937922971759201,12.894687076896563
307,1019.4918362267066,34.3080729731649,23.65693356255135,13.00579415193781,14.605319764279557,54,20,no,4.681541413010304,208.50309193489997,6.706826729686497
308,1015.6403066986593,25.430069518669395,21.382501401538384,17.334933284407374,12.675739120821255,56,9,yes,1.5163761946877448,121.44439683687337,5.38655261835202
309,1008.0857949450974,26.243683990005103,20.77641269467709,15.309141399349082,10.747871032466879,49,16,no,2.666751966619776,260.9483397534061,22.55294039301563
310,1009.0983777901517,25.416568183826826,20.298874410281556,15.18118063673629,11.34811053836931,55,15,no,5.212960476541389,351.3649763805169,7.511004295253068
311,1002.4041445824115,25.16947664889581,21.665371171476288,18.161265694056766,12.893993320935818,56,5,no,3.3209936539313647,123.04933397718571,19.780531155759174
312,1011.3618502467574,27.232633855051965,22.183756762947404,17.134879670842842,12.466355258471143,51,35,no,8.792551148463847,243.20883310209354,15.939265027427762
313,1004.1418983635315,33.297631202876445,25.073401861172144,16.84917251946784,14.23797885231286,45,3,no,7.101354317980658,337.4562377391555,17.06583611429886
314,1011.6441751953646,29.734008814949124,21.10587036335812,12.477731911767115,11.792439489542241,53,39,no,7.851895431484084,356.87804456311943,15.889646656005258
315,1004.5076253601353,34.627683502532065,23.616261913733034,12.604840324934006,13.078984906778519,47,6,no,6.224136415659967,281.2758680690298,16.565967988407213
316,1007.7633141225399,26.469627095882096,22.479308627674932,18.488990159467768,13.023127456329846,52,27,no,8.098601873605862,341.06228985112085,11.74680282034047
317,1013.7999947461789,32.249811699240524,24.28015788577874,16.310504072316952,12.522673590044612,41,25,no,0.07841590771916818,227.13184448249882,13.953468508208367
318,1004.8378658822578,26.342748509022755,23.00311073873846,19.663472968454165,13.121749634520938,50,20,no,6.209085902177081,334.31770332535785,20.217086890289913
319,1011.2174892672524,30.468596409751264,21.955529946566745,13.442463483382225,11.789921720622104,49,5,no,2.0918546540792784,17.992450317484344,21.872993281036475
320,1004.839542606341,34.81192529164116,26.578534141807538,18.345142991973916,17.993673828626207,57,5,no,6.365386467533543,179.36496017973826,13.133481399971663
321,1009.179269587546,34.530200211788994,25.35525897282271,16.180317733856427,14.231728890702465,44,17,no,0.7308156202701499,224.0435752622086,24.62355673524589
322,1018.8740318564044,26.901076497837277,22.62091871407217,18.340760930307066,14.252513889190649,58,15,no,7.573102071344389,58.20171704530628,14.5380021293594
323,1013.3320095809324,32.18331175372004,23.081017140136353,13.978722526552666,13.643477874331904,52,19,no,7.716269109786077,179.6024392329391,5.2420623355221485
324,1004.5735355920722,25.090384690792924,19.97330972127651,14.856234751760098,11.67808599500364,58,20,no,3.216699896595486,305.2951522565342,19.57722884539894
325,1009.6178029320602,25.953992773132107,20.691804470511787,15.429616167891469,8.808483525092846,40,12,yes,3.6055323865677398,55.3705288709788,24.80172752134964
326,1009.6309868055171,34.548469930384684,25.252935723557474,15.957401516730267,15.303816714807986,50,2,no,7.542649733470227,330.6335155723471,24.018571890050968
327,1005.0200276652461,30.771225860383208,22.814097567393617,14.856969274404022,13.964293910828733,55,19,no,4.156038959073355,305.01780037986936,23.044728069244762
328,1016.7963232429106,33.7735561220526,26.78426701574333,19.79497790943406,14.89434375630499,40,4,yes,0.7008870884233094,312.0373276221601,10.649574879540534
329,1011.6017766933891,34.50459170575296,25.578785024833252,16.65297834391355,15.325241783908316,48,34,no,8.396596557087904,51.773166113332934,13.602057530596001
330,1015.2621672720262,34.03757571775142,26.402186060715582,18.76679640367974,16.00595311060777,48,22,no,4.975398521461022,73.68483926062223,16.82260606517033
331,1004.1415161842172,26.86135897753348,20.756938285035517,14.65251759253755,12.177059091515257,57,26,no,9.407845205031078,182.49135766626046,13.188241436340366
332,1013.8723611494759,33.10878581007918,25.897696616681657,18.68660742328413,15.226460749144076,46,23,no,8.247878562777867,185.63738610832323,14.265873065455937
333,1007.83647926567,25.454032814686926,19.887133181939085,14.320233549191247,11.611173065480283,58,5,no,9.730781629723328,81.40511924988189,11.083974392725617
334,1014.5868958817599,28.039425122550274,20.941379209744536,13.843333296938798,8.947274498089783,40,27,no,7.317247365642129,230.62881340893114,13.318878091637101
335,1016.3605349827739,22.590689392583755,15.929053237091034,9.267417081598314,13.30529803503435,86,26,no,1.2535647579238562,121.30730125828434,24.990878374381886
336,1010.8494200692531,19.05751168615061,12.800465364487177,6.543419042823745,9.375362671340497,82,7,no,0.7845581631712395,196.01890527739144,19.18641656945219
337,1019.0444357139519,16.673213040010605,13.568817530994753,10.464422021978901,9.071454214079424,77,9,no,3.617102548595806,341.7151056733844,17.643189983729147
338,1014.169793949856,16.29941372267941,12.61002780239159,8.92064188210377,9.294418921596996,83,35,no,4.48813645746606,57.24900134649407,8.603915082562958
339,1002.5025051428349,15.982349921890805,13.303488340467673,10.62462675904454,6.035671306398766,63,16,yes,0.2075811980736435,51.1813608134024,9.26786695951379
340,1015.2943828295256,21.651461942384053,13.876372951198425,6.101283960012798,6.589619298260857,63,0,no,4.825004202353607,182.4021536337885,12.744745423561918
341,1002.4876566248265,24.06572210672163,14.589077580794337,5.112433054867043,11.282105159341814,83,13,no,9.70257109726057,157.55807813335323,9.699468099919056
342,1019.340705505123,22.048710100433816,16.384303547271458,10.719896994109096,11.662885443738542,76,18,no,3.0883442400734085,173.61517005078917,7.369847175368012
343,1004.5345476465993,24.61513338983085,17.30800436760852,10.000875345386188,15.022807067735599,88,9,no,6.771524124576737,225.01050699067406,11.3309933053574
344,1006.2572632171026,23.164107849650307,15.837358040004222,8.510608230358137,8.262707495351934,62,2,no,9.819056980765392,226.07761773747532,9.95020146280824
345,1007.8136422197188,16.628150496768637,11.468275790513934,6.3084010842592315,3.58704974059746,60,4,no,6.212924490496102,120.25798764075691,19.65398101180561
346,1005.7151664918541,19.045273855738696,12.261873128954203,5.47847240216971,8.964432183858847,83,18,no,0.7211109292943518,73.94450705209056,12.62882082826623
347,1002.3238191305089,24.820495370159627,17.657264065435896,10.494032760712162,14.058184544388519,82,22,no,7.509397983633183,36.494243119137295,10.557055521794245
348,1001.3500509336765,17.763191084658537,12.89366178891004,8.024132493161542,10.77587423456315,89,28,no,1.031213624080758,197.20248997799501,24.57915014082208
349,1004.0888114789909,20.554954241058603,13.441830680931847,6.328707120805092,8.934930061487385,77,11,no,6.054826692144046,186.04437808613696,19.803227375229262
350,1002.8788382714446,21.30700471158785,15.077124295651574,8.847243879715297,11.2157973911403,80,38,no,9.255222078518809,24.600277744417514,13.607494993815866
351,1011.0675803225341,21.957974776554448,15.08206512911613,8.206155481677811,7.634636648513543,62,33,no,3.7325981446275893,202.91758957035438,14.013729498778263
352,1004.990487336765,21.720560387522532,15.40272957939813,9.08489877127373,10.557266896752939,75,1,no,9.467337289233956,38.126089585352744,8.096572251954397
353,1004.0526526827068,24.447362587830796,17.30155459308717,10.155746598343548,14.599517542065811,86,21,no,3.735548010476819,18.17601998846685,17.549731435685587
354,1018.7930302258702,18.85613512865648,15.205002552274507,11.553869975892534,10.456943001613103,76,9,no,8.398016066644267,67.8746180697304,18.449209960500575
355,1008.6716558526523,24.770069544389436,15.241660625249997,5.713251706110557,7.291580278613149,60,34,no,0.8430131461135038,290.5881547648277,22.226392516301814
356,1019.9252457304975,23.172523113668213,15.880803936750322,8.589084759832431,10.511113816934891,73,27,no,6.376882468959355,87.12794879311579,19.281054467562534
357,1014.7744630145313,15.913914863317764,11.154403609292686,6.394892355267606,8.419223889219577,86,32,no,2.7080632803697258,89.12151730075911,6.250525914856915
358,1013.4574333719615,19.589405165968202,14.859269744735679,10.129134323503155,10.499660093040298,78,17,no,3.3303487180539837,318.5871509450116,12.665684792844027
359,1007.9489631379819,19.935009921544083,13.459071629259299,6.9831333369745145,10.179688649402063,83,37,no,7.379173933540254,187.72164870007683,6.3691743866715615
360,1010.7666388651143,18.71112938430128,15.07824782177239,11.445366259243501,10.584941280316945,77,27,no,8.598238353912759,12.602849330450034,20.74746690010211
361,1016.6728626828792,19.11339466499144,15.114727553133507,11.116060441275575,10.94245312924194,79,39,no,6.493223245768816,337.0610237288136,6.2801269321724185
362,1000.4382665755002,23.247432373470076,15.147057073177713,7.046681772885352,9.81057380021598,73,3,no,4.076328579796558,169.02919513579056,5.566225488053355
363,1000.2298494659623,17.100293495162816,12.033780032415006,6.967266569667197,8.31154007956784,81,0,no,1.1188061654912385,185.91277975869997,20.73044764781694
364,1016.5297618039152,24.425313075201167,17.326374775968596,10.227436476736026,13.649768067835033,81,18,no,2.8918744629594983,111.53047511608884,9.999138927952425
365,1007.0757831747287,20.150056597097233,14.449466650627471,8.74887670415771,8.590782501654132,70,23,no,3.0779583168074565,328.96383979437337,24.05630034005012
